dockey,name-en,name-ru,Federal subject,Federal subject as dockey
abakan,Abakan,Абакан,Republic of Khakassia,republic-of-khakassia
abaza,Abaza,Абаза,Republic of Khakassia,republic-of-khakassia
abdulino,Abdulino,Абдулино,Orenburg Oblast,orenburg-oblast
abinsk,Abinsk,Абинск,Krasnodar Kray,krasnodar-kray
achinsk,Achinsk,Ачинск,Krasnoyarsk Kray,krasnoyarsk-kray
adygeysk,Adygeysk,Адыгейск,Republic of Adygeya,republic-of-adygeya
agidel,Agidel,Агидель,Republic of Bashkortostan,republic-of-bashkortostan
agryz,Agryz,Агрыз,Republic of Tatarstan,republic-of-tatarstan
ak-dovurak,Ak-Dovurak,Ак-Довурак,Republic of Tuva,republic-of-tuva
akhtubinsk,Akhtubinsk,Ахтубинск,Astrakhan Oblast,astrakhan-oblast
aksay,Aksay,Аксай,Rostov Oblast,rostov-oblast
alagir,Alagir,Алагир,Republic of North Ossetia-Alania,republic-of-north-ossetia-alania
alapayevsk,Alapayevsk,Алапаевск,Sverdlovsk Oblast,sverdlovsk-oblast
alatyr,Alatyr,Алатырь,Chuvash Republic,chuvash-republic
aldan,Aldan,Алдан,Republic of Sakha Yakutia,republic-of-sakha-yakutia
aleksin,Aleksin,Алексин,Tula Oblast,tula-oblast
alexandrov,Alexandrov,Александров,Vladimir Oblast,vladimir-oblast
alexandrovsk,Alexandrovsk,Александровск,Perm Kray,perm-kray
alexandrovsk-sakhalinsky,Alexandrovsk-Sakhalinsky,Александровск-Сахалинский,Sakhalin Oblast,sakhalin-oblast
alexeyevka,Alexeyevka,Алексеевка,Belgorod Oblast,belgorod-oblast
aleysk,Aleysk,Алейск,Altai Kray,altai-kray
almetyevsk,Almetyevsk,Альметьевск,Republic of Tatarstan,republic-of-tatarstan
alzamay,Alzamay,Алзамай,Irkutsk Oblast,irkutsk-oblast
amursk,Amursk,Амурск,Khabarovsk Kray,khabarovsk-kray
anadyr,Anadyr,Анадырь,Chukotka Autonomous Okrug,chukotka-autonomous-okrug
anapa,Anapa,Анапа,Krasnodar Kray,krasnodar-kray
andreapol,Andreapol,Андреаполь,Tver Oblast,tver-oblast
angarsk,Angarsk,Ангарск,Irkutsk Oblast,irkutsk-oblast
aniva,Aniva,Анива,Sakhalin Oblast,sakhalin-oblast
anzhero-sudzhensk,Anzhero-Sudzhensk,Анжеро-Судженск,Kemerovo Oblast,kemerovo-oblast
apatity,Apatity,Апатиты,Murmansk Oblast,murmansk-oblast
aprelevka,Aprelevka,Апрелевка,Moscow Oblast,moscow-oblast
apsheronsk,Apsheronsk,Апшеронск,Krasnodar Kray,krasnodar-kray
aramil,Aramil,Арамиль,Sverdlovsk Oblast,sverdlovsk-oblast
ardatov,Ardatov,Ардатов,Republic of Mordovia,republic-of-mordovia
ardon,Ardon,Ардон,Republic of North Ossetia-Alania,republic-of-north-ossetia-alania
argun,Argun,Аргун,Chechen Republic,chechen-republic
arkadak,Arkadak,Аркадак,Saratov Oblast,saratov-oblast
arkhangelsk,Arkhangelsk,Архангельск,Arkhangelsk Oblast,arkhangelsk-oblast
armavir,Armavir,Армавир,Krasnodar Kray,krasnodar-kray
arsenyev,Arsenyev,Арсеньев,Primorye Kray,primorye-kray
arsk,Arsk,Арск,Republic of Tatarstan,republic-of-tatarstan
artyom,Artyom,Артём,Primorye Kray,primorye-kray
artyomovsk,Artyomovsk,Артёмовск,Krasnoyarsk Kray,krasnoyarsk-kray
artyomovsky,Artyomovsky,Артёмовский,Sverdlovsk Oblast,sverdlovsk-oblast
arzamas,Arzamas,Арзамас,Nizhny Novgorod Oblast,nizhny-novgorod-oblast
asbest,Asbest,Асбест,Sverdlovsk Oblast,sverdlovsk-oblast
asha,Asha,Аша,Chelyabinsk Oblast,chelyabinsk-oblast
asino,Asino,Асино,Tomsk Oblast,tomsk-oblast
astrakhan,Astrakhan,Астрахань,Astrakhan Oblast,astrakhan-oblast
atkarsk,Atkarsk,Аткарск,Saratov Oblast,saratov-oblast
aznakayevo,Aznakayevo,Азнакаево,Republic of Tatarstan,republic-of-tatarstan
azov,Azov,Азов,Rostov Oblast,rostov-oblast
babayevo,Babayevo,Бабаево,Vologda Oblast,vologda-oblast
babushkin,Babushkin,Бабушкин,Republic of Buryatia,republic-of-buryatia
bagrationovsk,Bagrationovsk,Багратионовск,Kaliningrad Oblast,kaliningrad-oblast
bakal,Bakal,Бакал,Chelyabinsk Oblast,chelyabinsk-oblast
baksan,Baksan,Баксан,Kabardino-Balkarian Republic,kabardino-balkarian-republic
balabanovo,Balabanovo,Балабаново,Kaluga Oblast,kaluga-oblast
balakhna,Balakhna,Балахна,Nizhny Novgorod Oblast,nizhny-novgorod-oblast
balakovo,Balakovo,Балаково,Saratov Oblast,saratov-oblast
balashikha,Balashikha,Балашиха,Moscow Oblast,moscow-oblast
balashov,Balashov,Балашов,Saratov Oblast,saratov-oblast
baley,Baley,Балей,Trans-Baikal Kray,trans-baikal-kray
baltiysk,Baltiysk,Балтийск,Kaliningrad Oblast,kaliningrad-oblast
barabinsk,Barabinsk,Барабинск,Novosibirsk Oblast,novosibirsk-oblast
barnaul,Barnaul,Барнаул,Altai Kray,altai-kray
barysh,Barysh,Барыш,Ulyanovsk Oblast,ulyanovsk-oblast
bataysk,Bataysk,Батайск,Rostov Oblast,rostov-oblast
bavly,Bavly,Бавлы,Republic of Tatarstan,republic-of-tatarstan
baykalsk,Baykalsk,Байкальск,Irkutsk Oblast,irkutsk-oblast
baymak,Baymak,Баймак,Republic of Bashkortostan,republic-of-bashkortostan
belaya-kalitva,Belaya Kalitva,Белая Калитва,Rostov Oblast,rostov-oblast
belaya-kholunitsa,Belaya Kholunitsa,Белая Холуница,Kirov Oblast,kirov-oblast
belebey,Belebey,Белебей,Republic of Bashkortostan,republic-of-bashkortostan
belgorod,Belgorod,Белгород,Belgorod Oblast,belgorod-oblast
belinsky,Belinsky,Белинский,Penza Oblast,penza-oblast
belogorsk,Belogorsk,Белогорск,Amur Oblast,amur-oblast
belokurikha,Belokurikha,Белокуриха,Altai Kray,altai-kray
belomorsk,Belomorsk,Беломорск,Republic of Karelia,republic-of-karelia
belorechensk,Belorechensk,Белореченск,Krasnodar Kray,krasnodar-kray
beloretsk,Beloretsk,Белорецк,Republic of Bashkortostan,republic-of-bashkortostan
belousovo,Belousovo,Белоусово,Kaluga Oblast,kaluga-oblast
belovo,Belovo,Белово,Kemerovo Oblast,kemerovo-oblast
beloyarsky,Beloyarsky,Белоярский,Khanty-Mansi Autonomous Okrug,khanty-mansi-autonomous-okrug
belozersk,Belozersk,Белозерск,Vologda Oblast,vologda-oblast
bely,Bely,Белый,Tver Oblast,tver-oblast
belyov,Belyov,Белёв,Tula Oblast,tula-oblast
berdsk,Berdsk,Бердск,Novosibirsk Oblast,novosibirsk-oblast
berezniki,Berezniki,Березники,Perm Kray,perm-kray
berezovsky,Berezovsky,Березовский,Kemerovo Oblast,kemerovo-oblast
berezovsky,Berezovsky,Березовский,Sverdlovsk Oblast,sverdlovsk-oblast
beslan,Beslan,Беслан,Republic of North Ossetia-Alania,republic-of-north-ossetia-alania
bezhetsk,Bezhetsk,Бежецк,Tver Oblast,tver-oblast
bikin,Bikin,Бикин,Khabarovsk Kray,khabarovsk-kray
bilibino,Bilibino,Билибино,Chukotka Autonomous Okrug,chukotka-autonomous-okrug
birobidzhan,Birobidzhan,Биробиджан,Jewish Autonomous Oblast,jewish-autonomous-oblast
birsk,Birsk,Бирск,Republic of Bashkortostan,republic-of-bashkortostan
biryuch,Biryuch,Бирюч,Belgorod Oblast,belgorod-oblast
biryusinsk,Biryusinsk,Бирюсинск,Irkutsk Oblast,irkutsk-oblast
biysk,Biysk,Бийск,Altai Kray,altai-kray
blagodarny,Blagodarny,Благодарный,Stavropol Kray,stavropol-kray
blagoveshchensk,Blagoveshchensk,Благовещенск,Amur Oblast,amur-oblast
blagoveshchensk,Blagoveshchensk,Благовещенск,Republic of Bashkortostan,republic-of-bashkortostan
bobrov,Bobrov,Бобров,Voronezh Oblast,voronezh-oblast
bodaybo,Bodaybo,Бодайбо,Irkutsk Oblast,irkutsk-oblast
bogdanovich,Bogdanovich,Богданович,Sverdlovsk Oblast,sverdlovsk-oblast
bogoroditsk,Bogoroditsk,Богородицк,Tula Oblast,tula-oblast
bogorodsk,Bogorodsk,Богородск,Nizhny Novgorod Oblast,nizhny-novgorod-oblast
bogotol,Bogotol,Боготол,Krasnoyarsk Kray,krasnoyarsk-kray
boguchar,Boguchar,Богучар,Voronezh Oblast,voronezh-oblast
boksitogorsk,Boksitogorsk,Бокситогорск,Leningrad Oblast,leningrad-oblast
bolgar,Bolgar,Болгар,Republic of Tatarstan,republic-of-tatarstan
bolkhov,Bolkhov,Болхов,Orel Oblast,orel-oblast
bologoye,Bologoye,Бологое,Tver Oblast,tver-oblast
bolokhovo,Bolokhovo,Болохово,Tula Oblast,tula-oblast
bolotnoye,Bolotnoye,Болотное,Novosibirsk Oblast,novosibirsk-oblast
bolshoy-kamen,Bolshoy Kamen,Большой Камень,Primorye Kray,primorye-kray
bor,Bor,Бор,Nizhny Novgorod Oblast,nizhny-novgorod-oblast
borisoglebsk,Borisoglebsk,Борисоглебск,Voronezh Oblast,voronezh-oblast
borodino,Borodino,Бородино,Krasnoyarsk Kray,krasnoyarsk-kray
borovichi,Borovichi,Боровичи,Novgorod Oblast,novgorod-oblast
borovsk,Borovsk,Боровск,Kaluga Oblast,kaluga-oblast
borzya,Borzya,Борзя,Trans-Baikal Kray,trans-baikal-kray
bratsk,Bratsk,Братск,Irkutsk Oblast,irkutsk-oblast
bronnitsy,Bronnitsy,Бронницы,Moscow Oblast,moscow-oblast
bryansk,Bryansk,Брянск,Bryansk Oblast,bryansk-oblast
budyonnovsk,Budyonnovsk,Будённовск,Stavropol Kray,stavropol-kray
bugulma,Bugulma,Бугульма,Republic of Tatarstan,republic-of-tatarstan
buguruslan,Buguruslan,Бугуруслан,Orenburg Oblast,orenburg-oblast
buinsk,Buinsk,Буинск,Republic of Tatarstan,republic-of-tatarstan
buturlinovka,Buturlinovka,Бутурлиновка,Voronezh Oblast,voronezh-oblast
buy,Buy,Буй,Kostroma Oblast,kostroma-oblast
buynaksk,Buynaksk,Буйнакск,Republic of Daghestan,republic-of-daghestan
buzuluk,Buzuluk,Бузулук,Orenburg Oblast,orenburg-oblast
chadan,Chadan,Чадан,Republic of Tuva,republic-of-tuva
chapayevsk,Chapayevsk,Чапаевск,Samara Oblast,samara-oblast
chaplygin,Chaplygin,Чаплыгин,Lipetsk Oblast,lipetsk-oblast
chaykovsky,Chaykovsky,Чайковский,Perm Kray,perm-kray
chebarkul,Chebarkul,Чебаркуль,Chelyabinsk Oblast,chelyabinsk-oblast
cheboksary,Cheboksary,Чебоксары,Chuvash Republic,chuvash-republic
chegem,Chegem,Чегем,Kabardino-Balkarian Republic,kabardino-balkarian-republic
chekalin,Chekalin,Чекалин,Tula Oblast,tula-oblast
chekhov,Chekhov,Чехов,Moscow Oblast,moscow-oblast
chelyabinsk,Chelyabinsk,Челябинск,Chelyabinsk Oblast,chelyabinsk-oblast
cherdyn,Cherdyn,Чердынь,Perm Kray,perm-kray
cheremkhovo,Cheremkhovo,Черемхово,Irkutsk Oblast,irkutsk-oblast
cherepanovo,Cherepanovo,Черепаново,Novosibirsk Oblast,novosibirsk-oblast
cherepovets,Cherepovets,Череповец,Vologda Oblast,vologda-oblast
cherkessk,Cherkessk,Черкесск,Karachayevo-Circassian Republic,karachayevo-circassian-republic
chernogolovka,Chernogolovka,Черноголовка,Moscow Oblast,moscow-oblast
chernogorsk,Chernogorsk,Черногорск,Republic of Khakassia,republic-of-khakassia
chernushka,Chernushka,Чернушка,Perm Kray,perm-kray
chernyakhovsk,Chernyakhovsk,Черняховск,Kaliningrad Oblast,kaliningrad-oblast
chistopol,Chistopol,Чистополь,Republic of Tatarstan,republic-of-tatarstan
chita,Chita,Чита,Trans-Baikal Kray,trans-baikal-kray
chkalovsk,Chkalovsk,Чкаловск,Nizhny Novgorod Oblast,nizhny-novgorod-oblast
chudovo,Chudovo,Чудово,Novgorod Oblast,novgorod-oblast
chukhloma,Chukhloma,Чухлома,Kostroma Oblast,kostroma-oblast
chulym,Chulym,Чулым,Novosibirsk Oblast,novosibirsk-oblast
chusovoy,Chusovoy,Чусовой,Perm Kray,perm-kray
chyormoz,Chyormoz,Чёрмоз,Perm Kray,perm-kray
dagestanskiye-ogni,Dagestanskiye Ogni,Дагестанские Огни,Republic of Daghestan,republic-of-daghestan
dalmatovo,Dalmatovo,Далматово,Kurgan Oblast,kurgan-oblast
dalnegorsk,Dalnegorsk,Дальнегорск,Primorye Kray,primorye-kray
dalnerechensk,Dalnerechensk,Дальнереченск,Primorye Kray,primorye-kray
danilov,Danilov,Данилов,Yaroslavl Oblast,yaroslavl-oblast
dankov,Dankov,Данков,Lipetsk Oblast,lipetsk-oblast
davlekanovo,Davlekanovo,Давлеканово,Republic of Bashkortostan,republic-of-bashkortostan
dedovsk,Dedovsk,Дедовск,Moscow Oblast,moscow-oblast
degtyarsk,Degtyarsk,Дегтярск,Sverdlovsk Oblast,sverdlovsk-oblast
demidov,Demidov,Демидов,Smolensk Oblast,smolensk-oblast
derbent,Derbent,Дербент,Republic of Daghestan,republic-of-daghestan
desnogorsk,Desnogorsk,Десногорск,Smolensk Oblast,smolensk-oblast
digora,Digora,Дигора,Republic of North Ossetia-Alania,republic-of-north-ossetia-alania
dimitrovgrad,Dimitrovgrad,Димитровград,Ulyanovsk Oblast,ulyanovsk-oblast
divnogorsk,Divnogorsk,Дивногорск,Krasnoyarsk Kray,krasnoyarsk-kray
dmitriyev,Dmitriyev,Дмитриев,Kursk Oblast,kursk-oblast
dmitrov,Dmitrov,Дмитров,Moscow Oblast,moscow-oblast
dmitrovsk,Dmitrovsk,Дмитровск,Orel Oblast,orel-oblast
dno,Dno,Дно,Pskov Oblast,pskov-oblast
dobryanka,Dobryanka,Добрянка,Perm Kray,perm-kray
dolgoprudny,Dolgoprudny,Долгопрудный,Moscow Oblast,moscow-oblast
dolinsk,Dolinsk,Долинск,Sakhalin Oblast,sakhalin-oblast
domodedovo,Domodedovo,Домодедово,Moscow Oblast,moscow-oblast
donetsk,Donetsk,Донецк,Rostov Oblast,rostov-oblast
donskoy,Donskoy,Донской,Tula Oblast,tula-oblast
dorogobuzh,Dorogobuzh,Дорогобуж,Smolensk Oblast,smolensk-oblast
drezna,Drezna,Дрезна,Moscow Oblast,moscow-oblast
dubna,Dubna,Дубна,Moscow Oblast,moscow-oblast
dubovka,Dubovka,Дубовка,Volgograd Oblast,volgograd-oblast
dudinka,Dudinka,Дудинка,Krasnoyarsk Kray,krasnoyarsk-kray
dukhovshchina,Dukhovshchina,Духовщина,Smolensk Oblast,smolensk-oblast
dyatkovo,Dyatkovo,Дятьково,Bryansk Oblast,bryansk-oblast
dyurtyuli,Dyurtyuli,Дюртюли,Republic of Bashkortostan,republic-of-bashkortostan
dzerzhinsk,Dzerzhinsk,Дзержинск,Nizhny Novgorod Oblast,nizhny-novgorod-oblast
dzerzhinsky,Dzerzhinsky,Дзержинский,Moscow Oblast,moscow-oblast
elektrogorsk,Elektrogorsk,Электрогорск,Moscow Oblast,moscow-oblast
elektrostal,Elektrostal,Электросталь,Moscow Oblast,moscow-oblast
elektrougli,Elektrougli,Электроугли,Moscow Oblast,moscow-oblast
elista,Elista,Элиста,Republic of Kalmykia,republic-of-kalmykia
engels,Engels,Энгельс,Saratov Oblast,saratov-oblast
ertil,Ertil,Эртиль,Voronezh Oblast,voronezh-oblast
fatezh,Fatezh,Фатеж,Kursk Oblast,kursk-oblast
fokino,Fokino,Фокино,Bryansk Oblast,bryansk-oblast
fokino,Fokino,Фокино,Primorye Kray,primorye-kray
frolovo,Frolovo,Фролово,Volgograd Oblast,volgograd-oblast
fryazino,Fryazino,Фрязино,Moscow Oblast,moscow-oblast
furmanov,Furmanov,Фурманов,Ivanovo Oblast,ivanovo-oblast
gadzhiyevo,Gadzhiyevo,Гаджиево,Murmansk Oblast,murmansk-oblast
gagarin,Gagarin,Гагарин,Smolensk Oblast,smolensk-oblast
galich,Galich,Галич,Kostroma Oblast,kostroma-oblast
gatchina,Gatchina,Гатчина,Leningrad Oblast,leningrad-oblast
gavrilov-posad,Gavrilov Posad,Гаврилов Посад,Ivanovo Oblast,ivanovo-oblast
gavrilov-yam,Gavrilov-Yam,Гаврилов-Ям,Yaroslavl Oblast,yaroslavl-oblast
gay,Gay,Гай,Orenburg Oblast,orenburg-oblast
gdov,Gdov,Гдов,Pskov Oblast,pskov-oblast
gelendzhik,Gelendzhik,Геленджик,Krasnodar Kray,krasnodar-kray
georgiyevsk,Georgiyevsk,Георгиевск,Stavropol Kray,stavropol-kray
glazov,Glazov,Глазов,Udmurtian Republic,udmurtian-republic
golitsyno,Golitsyno,Голицыно,Moscow Oblast,moscow-oblast
gorbatov,Gorbatov,Горбатов,Nizhny Novgorod Oblast,nizhny-novgorod-oblast
gorno-altaysk,Gorno-Altaysk,Горно-Алтайск,Republic of Altai,republic-of-altai
gornozavodsk,Gornozavodsk,Горнозаводск,Perm Kray,perm-kray
gornyak,Gornyak,Горняк,Altai Kray,altai-kray
gorodets,Gorodets,Городец,Nizhny Novgorod Oblast,nizhny-novgorod-oblast
gorodishche,Gorodishche,Городище,Penza Oblast,penza-oblast
gorodovikovsk,Gorodovikovsk,Городовиковск,Republic of Kalmykia,republic-of-kalmykia
gorokhovets,Gorokhovets,Гороховец,Vladimir Oblast,vladimir-oblast
goryachy-klyuch,Goryachy Klyuch,Горячий Ключ,Krasnodar Kray,krasnodar-kray
grayvoron,Grayvoron,Грайворон,Belgorod Oblast,belgorod-oblast
gremyachinsk,Gremyachinsk,Гремячинск,Perm Kray,perm-kray
grozny,Grozny,Грозный,Chechen Republic,chechen-republic
gryazi,Gryazi,Грязи,Lipetsk Oblast,lipetsk-oblast
gryazovets,Gryazovets,Грязовец,Vologda Oblast,vologda-oblast
gubakha,Gubakha,Губаха,Perm Kray,perm-kray
gubkin,Gubkin,Губкин,Belgorod Oblast,belgorod-oblast
gubkinsky,Gubkinsky,Губкинский,Yamalo-Nenets Autonomous Okrug,yamalo-nenets-autonomous-okrug
gudermes,Gudermes,Гудермес,Chechen Republic,chechen-republic
gukovo,Gukovo,Гуково,Rostov Oblast,rostov-oblast
gulkevichi,Gulkevichi,Гулькевичи,Krasnodar Kray,krasnodar-kray
guryevsk,Guryevsk,Гурьевск,Kaliningrad Oblast,kaliningrad-oblast
guryevsk,Guryevsk,Гурьевск,Kemerovo Oblast,kemerovo-oblast
gus-khrustalny,Gus-Khrustalny,Гусь-Хрустальный,Vladimir Oblast,vladimir-oblast
gusev,Gusev,Гусев,Kaliningrad Oblast,kaliningrad-oblast
gusinoozyorsk,Gusinoozyorsk,Гусиноозёрск,Republic of Buryatia,republic-of-buryatia
gvardeysk,Gvardeysk,Гвардейск,Kaliningrad Oblast,kaliningrad-oblast
igarka,Igarka,Игарка,Krasnoyarsk Kray,krasnoyarsk-kray
ilansky,Ilansky,Иланский,Krasnoyarsk Kray,krasnoyarsk-kray
innopolis,Innopolis,Иннополис,Republic of Tatarstan,republic-of-tatarstan
insar,Insar,Инсар,Republic of Mordovia,republic-of-mordovia
inta,Inta,Инта,Komi Republic,komi-republic
inza,Inza,Инза,Ulyanovsk Oblast,ulyanovsk-oblast
ipatovo,Ipatovo,Ипатово,Stavropol Kray,stavropol-kray
irbit,Irbit,Ирбит,Sverdlovsk Oblast,sverdlovsk-oblast
irkutsk,Irkutsk,Иркутск,Irkutsk Oblast,irkutsk-oblast
ishim,Ishim,Ишим,Tyumen Oblast,tyumen-oblast
ishimbay,Ishimbay,Ишимбай,Republic of Bashkortostan,republic-of-bashkortostan
isilkul,Isilkul,Исилькуль,Omsk Oblast,omsk-oblast
iskitim,Iskitim,Искитим,Novosibirsk Oblast,novosibirsk-oblast
istra,Istra,Истра,Moscow Oblast,moscow-oblast
ivangorod,Ivangorod,Ивангород,Leningrad Oblast,leningrad-oblast
ivanovo,Ivanovo,Иваново,Ivanovo Oblast,ivanovo-oblast
ivanteyevka,Ivanteyevka,Ивантеевка,Moscow Oblast,moscow-oblast
ivdel,Ivdel,Ивдель,Sverdlovsk Oblast,sverdlovsk-oblast
izberbash,Izberbash,Избербаш,Republic of Daghestan,republic-of-daghestan
izhevsk,Izhevsk,Ижевск,Udmurtian Republic,udmurtian-republic
izobilny,Izobilny,Изобильный,Stavropol Kray,stavropol-kray
kachkanar,Kachkanar,Качканар,Sverdlovsk Oblast,sverdlovsk-oblast
kadnikov,Kadnikov,Кадников,Vologda Oblast,vologda-oblast
kalach,Kalach,Калач,Voronezh Oblast,voronezh-oblast
kalach-na-donu,Kalach-na-Donu,Калач-на-Дону,Volgograd Oblast,volgograd-oblast
kalachinsk,Kalachinsk,Калачинск,Omsk Oblast,omsk-oblast
kaliningrad,Kaliningrad,Калининград,Kaliningrad Oblast,kaliningrad-oblast
kalininsk,Kalininsk,Калининск,Saratov Oblast,saratov-oblast
kaltan,Kaltan,Калтан,Kemerovo Oblast,kemerovo-oblast
kaluga,Kaluga,Калуга,Kaluga Oblast,kaluga-oblast
kalyazin,Kalyazin,Калязин,Tver Oblast,tver-oblast
kambarka,Kambarka,Камбарка,Udmurtian Republic,udmurtian-republic
kamenka,Kamenka,Каменка,Penza Oblast,penza-oblast
kamen-na-obi,Kamen-na-Obi,Камень-на-Оби,Altai Kray,altai-kray
kamennogorsk,Kamennogorsk,Каменногорск,Leningrad Oblast,leningrad-oblast
kamensk-shakhtinsky,Kamensk-Shakhtinsky,Каменск-Шахтинский,Rostov Oblast,rostov-oblast
kamensk-uralsky,Kamensk-Uralsky,Каменск-Уральский,Sverdlovsk Oblast,sverdlovsk-oblast
kameshkovo,Kameshkovo,Камешково,Vladimir Oblast,vladimir-oblast
kamyshin,Kamyshin,Камышин,Volgograd Oblast,volgograd-oblast
kamyshlov,Kamyshlov,Камышлов,Sverdlovsk Oblast,sverdlovsk-oblast
kamyzyak,Kamyzyak,Камызяк,Astrakhan Oblast,astrakhan-oblast
kanash,Kanash,Канаш,Chuvash Republic,chuvash-republic
kandalaksha,Kandalaksha,Кандалакша,Murmansk Oblast,murmansk-oblast
kansk,Kansk,Канск,Krasnoyarsk Kray,krasnoyarsk-kray
karabanovo,Karabanovo,Карабаново,Vladimir Oblast,vladimir-oblast
karabash,Karabash,Карабаш,Chelyabinsk Oblast,chelyabinsk-oblast
karabulak,Karabulak,Карабулак,Republic of Ingushetia,republic-of-ingushetia
karachayevsk,Karachayevsk,Карачаевск,Karachayevo-Circassian Republic,karachayevo-circassian-republic
karachev,Karachev,Карачев,Bryansk Oblast,bryansk-oblast
karasuk,Karasuk,Карасук,Novosibirsk Oblast,novosibirsk-oblast
kargat,Kargat,Каргат,Novosibirsk Oblast,novosibirsk-oblast
kargopol,Kargopol,Каргополь,Arkhangelsk Oblast,arkhangelsk-oblast
karpinsk,Karpinsk,Карпинск,Sverdlovsk Oblast,sverdlovsk-oblast
kartaly,Kartaly,Карталы,Chelyabinsk Oblast,chelyabinsk-oblast
kashin,Kashin,Кашин,Tver Oblast,tver-oblast
kashira,Kashira,Кашира,Moscow Oblast,moscow-oblast
kasimov,Kasimov,Касимов,Ryazan Oblast,ryazan-oblast
kasli,Kasli,Касли,Chelyabinsk Oblast,chelyabinsk-oblast
kaspiysk,Kaspiysk,Каспийск,Republic of Daghestan,republic-of-daghestan
katav-ivanovsk,Katav-Ivanovsk,Катав-Ивановск,Chelyabinsk Oblast,chelyabinsk-oblast
kataysk,Kataysk,Катайск,Kurgan Oblast,kurgan-oblast
kazan,Kazan,Казань,Republic of Tatarstan,republic-of-tatarstan
kedrovy,Kedrovy,Кедровый,Tomsk Oblast,tomsk-oblast
kem,Kem,Кемь,Republic of Karelia,republic-of-karelia
kemerovo,Kemerovo,Кемерово,Kemerovo Oblast,kemerovo-oblast
khabarovsk,Khabarovsk,Хабаровск,Khabarovsk Kray,khabarovsk-kray
khadyzhensk,Khadyzhensk,Хадыженск,Krasnodar Kray,krasnodar-kray
khanty-mansiysk,Khanty-Mansiysk,Ханты-Мансийск,Khanty-Mansi Autonomous Okrug,khanty-mansi-autonomous-okrug
kharabali,Kharabali,Харабали,Astrakhan Oblast,astrakhan-oblast
kharovsk,Kharovsk,Харовск,Vologda Oblast,vologda-oblast
khasavyurt,Khasavyurt,Хасавюрт,Republic of Daghestan,republic-of-daghestan
khilok,Khilok,Хилок,Trans-Baikal Kray,trans-baikal-kray
khimki,Khimki,Химки,Moscow Oblast,moscow-oblast
kholm,Kholm,Холм,Novgorod Oblast,novgorod-oblast
kholmsk,Kholmsk,Холмск,Sakhalin Oblast,sakhalin-oblast
khotkovo,Khotkovo,Хотьково,Moscow Oblast,moscow-oblast
khvalynsk,Khvalynsk,Хвалынск,Saratov Oblast,saratov-oblast
kimovsk,Kimovsk,Кимовск,Tula Oblast,tula-oblast
kimry,Kimry,Кимры,Tver Oblast,tver-oblast
kinel,Kinel,Кинель,Samara Oblast,samara-oblast
kineshma,Kineshma,Кинешма,Ivanovo Oblast,ivanovo-oblast
kingisepp,Kingisepp,Кингисепп,Leningrad Oblast,leningrad-oblast
kirensk,Kirensk,Киренск,Irkutsk Oblast,irkutsk-oblast
kireyevsk,Kireyevsk,Киреевск,Tula Oblast,tula-oblast
kirillov,Kirillov,Кириллов,Vologda Oblast,vologda-oblast
kirishi,Kirishi,Кириши,Leningrad Oblast,leningrad-oblast
kirov,Kirov,Киров,Kaluga Oblast,kaluga-oblast
kirov,Kirov,Киров,Kirov Oblast,kirov-oblast
kirovgrad,Kirovgrad,Кировград,Sverdlovsk Oblast,sverdlovsk-oblast
kirovo-chepetsk,Kirovo-Chepetsk,Кирово-Чепецк,Kirov Oblast,kirov-oblast
kirovsk,Kirovsk,Кировск,Leningrad Oblast,leningrad-oblast
kirovsk,Kirovsk,Кировск,Murmansk Oblast,murmansk-oblast
kirs,Kirs,Кирс,Kirov Oblast,kirov-oblast
kirsanov,Kirsanov,Кирсанов,Tambov Oblast,tambov-oblast
kirzhach,Kirzhach,Киржач,Vladimir Oblast,vladimir-oblast
kiselyovsk,Kiselyovsk,Киселёвск,Kemerovo Oblast,kemerovo-oblast
kislovodsk,Kislovodsk,Кисловодск,Stavropol Kray,stavropol-kray
kizel,Kizel,Кизел,Perm Kray,perm-kray
kizilyurt,Kizilyurt,Кизилюрт,Republic of Daghestan,republic-of-daghestan
kizlyar,Kizlyar,Кизляр,Republic of Daghestan,republic-of-daghestan
klimovsk,Klimovsk,Климовск,Moscow Oblast,moscow-oblast
klin,Klin,Клин,Moscow Oblast,moscow-oblast
klintsy,Klintsy,Клинцы,Bryansk Oblast,bryansk-oblast
knyaginino,Knyaginino,Княгинино,Nizhny Novgorod Oblast,nizhny-novgorod-oblast
kodinsk,Kodinsk,Кодинск,Krasnoyarsk Kray,krasnoyarsk-kray
kogalym,Kogalym,Когалым,Khanty-Mansi Autonomous Okrug,khanty-mansi-autonomous-okrug
kokhma,Kokhma,Кохма,Ivanovo Oblast,ivanovo-oblast
kola,Kola,Кола,Murmansk Oblast,murmansk-oblast
kolchugino,Kolchugino,Кольчугино,Vladimir Oblast,vladimir-oblast
kologriv,Kologriv,Кологрив,Kostroma Oblast,kostroma-oblast
kolomna,Kolomna,Коломна,Moscow Oblast,moscow-oblast
kolpashevo,Kolpashevo,Колпашево,Tomsk Oblast,tomsk-oblast
kolpino,Kolpino,Колпино,St Petersburg,st-petersburg
kommunar,Kommunar,Коммунар,Leningrad Oblast,leningrad-oblast
komsomolsk,Komsomolsk,Комсомольск,Ivanovo Oblast,ivanovo-oblast
komsomolsk-on-amur,Komsomolsk-on-Amur,Комсомольск-на-Амуре,Khabarovsk Kray,khabarovsk-kray
konakovo,Konakovo,Конаково,Tver Oblast,tver-oblast
kondopoga,Kondopoga,Кондопога,Republic of Karelia,republic-of-karelia
kondrovo,Kondrovo,Кондрово,Kaluga Oblast,kaluga-oblast
konstantinovsk,Konstantinovsk,Константиновск,Rostov Oblast,rostov-oblast
kopeysk,Kopeysk,Копейск,Chelyabinsk Oblast,chelyabinsk-oblast
korablino,Korablino,Кораблино,Ryazan Oblast,ryazan-oblast
korenovsk,Korenovsk,Кореновск,Krasnodar Kray,krasnodar-kray
korkino,Korkino,Коркино,Chelyabinsk Oblast,chelyabinsk-oblast
korocha,Korocha,Короча,Belgorod Oblast,belgorod-oblast
korolyov,Korolyov,Королёв,Moscow Oblast,moscow-oblast
korsakov,Korsakov,Корсаков,Sakhalin Oblast,sakhalin-oblast
koryazhma,Koryazhma,Коряжма,Arkhangelsk Oblast,arkhangelsk-oblast
kosteryovo,Kosteryovo,Костерёво,Vladimir Oblast,vladimir-oblast
kostomuksha,Kostomuksha,Костомукша,Republic of Karelia,republic-of-karelia
kostroma,Kostroma,Кострома,Kostroma Oblast,kostroma-oblast
kotelnich,Kotelnich,Котельнич,Kirov Oblast,kirov-oblast
kotelniki,Kotelniki,Котельники,Moscow Oblast,moscow-oblast
kotelnikovo,Kotelnikovo,Котельниково,Volgograd Oblast,volgograd-oblast
kotlas,Kotlas,Котлас,Arkhangelsk Oblast,arkhangelsk-oblast
kotovo,Kotovo,Котово,Volgograd Oblast,volgograd-oblast
kotovsk,Kotovsk,Котовск,Tambov Oblast,tambov-oblast
kovdor,Kovdor,Ковдор,Murmansk Oblast,murmansk-oblast
kovrov,Kovrov,Ковров,Vladimir Oblast,vladimir-oblast
kovylkino,Kovylkino,Ковылкино,Republic of Mordovia,republic-of-mordovia
kozelsk,Kozelsk,Козельск,Kaluga Oblast,kaluga-oblast
kozlovka,Kozlovka,Козловка,Chuvash Republic,chuvash-republic
kozmodemyansk,Kozmodemyansk,Козьмодемьянск,Republic of Mari El,republic-of-mari-el
krasavino,Krasavino,Красавино,Vologda Oblast,vologda-oblast
krasnoarmeysk,Krasnoarmeysk,Красноармейск,Moscow Oblast,moscow-oblast
krasnoarmeysk,Krasnoarmeysk,Красноармейск,Saratov Oblast,saratov-oblast
krasnodar,Krasnodar,Краснодар,Krasnodar Kray,krasnodar-kray
krasnogorsk,Krasnogorsk,Красногорск,Moscow Oblast,moscow-oblast
krasnokamensk,Krasnokamensk,Краснокаменск,Trans-Baikal Kray,trans-baikal-kray
krasnokamsk,Krasnokamsk,Краснокамск,Perm Kray,perm-kray
krasnoslobodsk,Krasnoslobodsk,Краснослободск,Volgograd Oblast,volgograd-oblast
krasnoslobodsk,Krasnoslobodsk,Краснослободск,Republic of Mordovia,republic-of-mordovia
krasnoturyinsk,Krasnoturyinsk,Краснотурьинск,Sverdlovsk Oblast,sverdlovsk-oblast
krasnoufimsk,Krasnoufimsk,Красноуфимск,Sverdlovsk Oblast,sverdlovsk-oblast
krasnouralsk,Krasnouralsk,Красноуральск,Sverdlovsk Oblast,sverdlovsk-oblast
krasnovishersk,Krasnovishersk,Красновишерск,Perm Kray,perm-kray
krasnoyarsk,Krasnoyarsk,Красноярск,Krasnoyarsk Kray,krasnoyarsk-kray
krasnoye-selo,Krasnoye Selo,Красное Село,St Petersburg,st-petersburg
krasnozavodsk,Krasnozavodsk,Краснозаводск,Moscow Oblast,moscow-oblast
krasnoznamensk,Krasnoznamensk,Краснознаменск,Kaliningrad Oblast,kaliningrad-oblast
krasnoznamensk,Krasnoznamensk,Краснознаменск,Moscow Oblast,moscow-oblast
krasny-kholm,Krasny Kholm,Красный Холм,Tver Oblast,tver-oblast
krasny-kut,Krasny Kut,Красный Кут,Saratov Oblast,saratov-oblast
krasny-sulin,Krasny Sulin,Красный Сулин,Rostov Oblast,rostov-oblast
kremyonki,Kremyonki,Кремёнки,Kaluga Oblast,kaluga-oblast
kronstadt,Kronstadt,Кронштадт,St Petersburg,st-petersburg
kropotkin,Kropotkin,Кропоткин,Krasnodar Kray,krasnodar-kray
krymsk,Krymsk,Крымск,Krasnodar Kray,krasnodar-kray
kstovo,Kstovo,Кстово,Nizhny Novgorod Oblast,nizhny-novgorod-oblast
kubinka,Kubinka,Кубинка,Moscow Oblast,moscow-oblast
kudymkar,Kudymkar,Кудымкар,Perm Kray,perm-kray
kulebaki,Kulebaki,Кулебаки,Nizhny Novgorod Oblast,nizhny-novgorod-oblast
kumertau,Kumertau,Кумертау,Republic of Bashkortostan,republic-of-bashkortostan
kungur,Kungur,Кунгур,Perm Kray,perm-kray
kupino,Kupino,Купино,Novosibirsk Oblast,novosibirsk-oblast
kurchatov,Kurchatov,Курчатов,Kursk Oblast,kursk-oblast
kurgan,Kurgan,Курган,Kurgan Oblast,kurgan-oblast
kurganinsk,Kurganinsk,Курганинск,Krasnodar Kray,krasnodar-kray
kurilsk,Kurilsk,Курильск,Sakhalin Oblast,sakhalin-oblast
kurlovo,Kurlovo,Курлово,Vladimir Oblast,vladimir-oblast
kurovskoye,Kurovskoye,Куровское,Moscow Oblast,moscow-oblast
kursk,Kursk,Курск,Kursk Oblast,kursk-oblast
kurtamysh,Kurtamysh,Куртамыш,Kurgan Oblast,kurgan-oblast
kusa,Kusa,Куса,Chelyabinsk Oblast,chelyabinsk-oblast
kushva,Kushva,Кушва,Sverdlovsk Oblast,sverdlovsk-oblast
kuvandyk,Kuvandyk,Кувандык,Orenburg Oblast,orenburg-oblast
kuvshinovo,Kuvshinovo,Кувшиново,Tver Oblast,tver-oblast
kuybyshev,Kuybyshev,Куйбышев,Novosibirsk Oblast,novosibirsk-oblast
kuznetsk,Kuznetsk,Кузнецк,Penza Oblast,penza-oblast
kyakhta,Kyakhta,Кяхта,Republic of Buryatia,republic-of-buryatia
kyshtym,Kyshtym,Кыштым,Chelyabinsk Oblast,chelyabinsk-oblast
kyzyl,Kyzyl,Кызыл,Republic of Tuva,republic-of-tuva
labinsk,Labinsk,Лабинск,Krasnodar Kray,krasnodar-kray
labytnangi,Labytnangi,Лабытнанги,Yamalo-Nenets Autonomous Okrug,yamalo-nenets-autonomous-okrug
ladushkin,Ladushkin,Ладушкин,Kaliningrad Oblast,kaliningrad-oblast
lagan,Lagan,Лагань,Republic of Kalmykia,republic-of-kalmykia
laishevo,Laishevo,Лаишево,Republic of Tatarstan,republic-of-tatarstan
lakhdenpokhya,Lakhdenpokhya,Лахденпохья,Republic of Karelia,republic-of-karelia
lakinsk,Lakinsk,Лакинск,Vladimir Oblast,vladimir-oblast
langepas,Langepas,Лангепас,Khanty-Mansi Autonomous Okrug,khanty-mansi-autonomous-okrug
lebedyan,Lebedyan,Лебедянь,Lipetsk Oblast,lipetsk-oblast
leninogorsk,Leninogorsk,Лениногорск,Republic of Tatarstan,republic-of-tatarstan
leninsk,Leninsk,Ленинск,Volgograd Oblast,volgograd-oblast
leninsk-kuznetsky,Leninsk-Kuznetsky,Ленинск-Кузнецкий,Kemerovo Oblast,kemerovo-oblast
lensk,Lensk,Ленск,Republic of Sakha Yakutia,republic-of-sakha-yakutia
lermontov,Lermontov,Лермонтов,Stavropol Kray,stavropol-kray
lesnoy,Lesnoy,Лесной,Sverdlovsk Oblast,sverdlovsk-oblast
lesosibirsk,Lesosibirsk,Лесосибирск,Krasnoyarsk Kray,krasnoyarsk-kray
lesozavodsk,Lesozavodsk,Лесозаводск,Primorye Kray,primorye-kray
lgov,Lgov,Льгов,Kursk Oblast,kursk-oblast
likhoslavl,Likhoslavl,Лихославль,Tver Oblast,tver-oblast
likino-dulyovo,Likino-Dulyovo,Ликино-Дулёво,Moscow Oblast,moscow-oblast
lipetsk,Lipetsk,Липецк,Lipetsk Oblast,lipetsk-oblast
lipki,Lipki,Липки,Tula Oblast,tula-oblast
liski,Liski,Лиски,Voronezh Oblast,voronezh-oblast
livny,Livny,Ливны,Orel Oblast,orel-oblast
lobnya,Lobnya,Лобня,Moscow Oblast,moscow-oblast
lodeynoye-pole,Lodeynoye Pole,Лодейное Поле,Leningrad Oblast,leningrad-oblast
lomonosov,Lomonosov,Ломоносов,St Petersburg,st-petersburg
losino-petrovsky,Losino-Petrovsky,Лосино-Петровский,Moscow Oblast,moscow-oblast
luga,Luga,Луга,Leningrad Oblast,leningrad-oblast
lukhovitsy,Lukhovitsy,Луховицы,Moscow Oblast,moscow-oblast
lukoyanov,Lukoyanov,Лукоянов,Nizhny Novgorod Oblast,nizhny-novgorod-oblast
luza,Luza,Луза,Kirov Oblast,kirov-oblast
lyantor,Lyantor,Лянтор,Khanty-Mansi Autonomous Okrug,khanty-mansi-autonomous-okrug
lyskovo,Lyskovo,Лысково,Nizhny Novgorod Oblast,nizhny-novgorod-oblast
lysva,Lysva,Лысьва,Perm Kray,perm-kray
lytkarino,Lytkarino,Лыткарино,Moscow Oblast,moscow-oblast
lyuban,Lyuban,Любань,Leningrad Oblast,leningrad-oblast
lyubertsy,Lyubertsy,Люберцы,Moscow Oblast,moscow-oblast
lyubim,Lyubim,Любим,Yaroslavl Oblast,yaroslavl-oblast
lyudinovo,Lyudinovo,Людиново,Kaluga Oblast,kaluga-oblast
magadan,Magadan,Магадан,Magadan Oblast,magadan-oblast
magas,Magas,Магас,Republic of Ingushetia,republic-of-ingushetia
magnitogorsk,Magnitogorsk,Магнитогорск,Chelyabinsk Oblast,chelyabinsk-oblast
makarov,Makarov,Макаров,Sakhalin Oblast,sakhalin-oblast
makaryev,Makaryev,Макарьев,Kostroma Oblast,kostroma-oblast
makhachkala,Makhachkala,Махачкала,Republic of Daghestan,republic-of-daghestan
makushino,Makushino,Макушино,Kurgan Oblast,kurgan-oblast
malaya-vishera,Malaya Vishera,Малая Вишера,Novgorod Oblast,novgorod-oblast
malgobek,Malgobek,Малгобек,Republic of Ingushetia,republic-of-ingushetia
malmyzh,Malmyzh,Малмыж,Kirov Oblast,kirov-oblast
maloarkhangelsk,Maloarkhangelsk,Малоархангельск,Orel Oblast,orel-oblast
maloyaroslavets,Maloyaroslavets,Малоярославец,Kaluga Oblast,kaluga-oblast
mamadysh,Mamadysh,Мамадыш,Republic of Tatarstan,republic-of-tatarstan
mamonovo,Mamonovo,Мамоново,Kaliningrad Oblast,kaliningrad-oblast
manturovo,Manturovo,Мантурово,Kostroma Oblast,kostroma-oblast
mariinsk,Mariinsk,Мариинск,Kemerovo Oblast,kemerovo-oblast
mariinsky-posad,Mariinsky Posad,Мариинский Посад,Chuvash Republic,chuvash-republic
marks,Marks,Маркс,Saratov Oblast,saratov-oblast
maykop,Maykop,Майкоп,Republic of Adygeya,republic-of-adygeya
maysky,Maysky,Майский,Kabardino-Balkarian Republic,kabardino-balkarian-republic
mednogorsk,Mednogorsk,Медногорск,Orenburg Oblast,orenburg-oblast
medvezhyegorsk,Medvezhyegorsk,Медвежьегорск,Republic of Karelia,republic-of-karelia
medyn,Medyn,Медынь,Kaluga Oblast,kaluga-oblast
megion,Megion,Мегион,Khanty-Mansi Autonomous Okrug,khanty-mansi-autonomous-okrug
melenki,Melenki,Меленки,Vladimir Oblast,vladimir-oblast
meleuz,Meleuz,Мелеуз,Republic of Bashkortostan,republic-of-bashkortostan
mendeleyevsk,Mendeleyevsk,Менделеевск,Republic of Tatarstan,republic-of-tatarstan
menzelinsk,Menzelinsk,Мензелинск,Republic of Tatarstan,republic-of-tatarstan
meshchovsk,Meshchovsk,Мещовск,Kaluga Oblast,kaluga-oblast
mezen,Mezen,Мезень,Arkhangelsk Oblast,arkhangelsk-oblast
mezhdurechensk,Mezhdurechensk,Междуреченск,Kemerovo Oblast,kemerovo-oblast
mezhgorye,Mezhgorye,Межгорье,Republic of Bashkortostan,republic-of-bashkortostan
mglin,Mglin,Мглин,Bryansk Oblast,bryansk-oblast
miass,Miass,Миасс,Chelyabinsk Oblast,chelyabinsk-oblast
michurinsk,Michurinsk,Мичуринск,Tambov Oblast,tambov-oblast
mikhaylov,Mikhaylov,Михайлов,Ryazan Oblast,ryazan-oblast
mikhaylovka,Mikhaylovka,Михайловка,Volgograd Oblast,volgograd-oblast
mikhaylovsk,Mikhaylovsk,Михайловск,Sverdlovsk Oblast,sverdlovsk-oblast
mikhaylovsk,Mikhaylovsk,Михайловск,Stavropol Kray,stavropol-kray
mikun,Mikun,Микунь,Komi Republic,komi-republic
millerovo,Millerovo,Миллерово,Rostov Oblast,rostov-oblast
mineralnye-vody,Mineralnye Vody,Минеральные Воды,Stavropol Kray,stavropol-kray
minusinsk,Minusinsk,Минусинск,Krasnoyarsk Kray,krasnoyarsk-kray
minyar,Minyar,Миньяр,Chelyabinsk Oblast,chelyabinsk-oblast
mirny,Mirny,Мирный,Arkhangelsk Oblast,arkhangelsk-oblast
mirny,Mirny,Мирный,Republic of Sakha Yakutia,republic-of-sakha-yakutia
mogocha,Mogocha,Могоча,Trans-Baikal Kray,trans-baikal-kray
monchegorsk,Monchegorsk,Мончегорск,Murmansk Oblast,murmansk-oblast
morozovsk,Morozovsk,Морозовск,Rostov Oblast,rostov-oblast
morshansk,Morshansk,Моршанск,Tambov Oblast,tambov-oblast
mosalsk,Mosalsk,Мосальск,Kaluga Oblast,kaluga-oblast
moskovsky,Moskovsky,Московский,Moscow,moscow
moscow,Moscow,Москва,Moscow,moscow
mozdok,Mozdok,Моздок,Republic of North Ossetia-Alania,republic-of-north-ossetia-alania
mozhaysk,Mozhaysk,Можайск,Moscow Oblast,moscow-oblast
mozhga,Mozhga,Можга,Udmurtian Republic,udmurtian-republic
mtsensk,Mtsensk,Мценск,Orel Oblast,orel-oblast
murashi,Murashi,Мураши,Kirov Oblast,kirov-oblast
muravlenko,Muravlenko,Муравленко,Yamalo-Nenets Autonomous Okrug,yamalo-nenets-autonomous-okrug
murmansk,Murmansk,Мурманск,Murmansk Oblast,murmansk-oblast
murom,Murom,Муром,Vladimir Oblast,vladimir-oblast
myshkin,Myshkin,Мышкин,Yaroslavl Oblast,yaroslavl-oblast
myski,Myski,Мыски,Kemerovo Oblast,kemerovo-oblast
mytishchi,Mytishchi,Мытищи,Moscow Oblast,moscow-oblast
naberezhnye-chelny,Naberezhnye Chelny,Набережные Челны,Republic of Tatarstan,republic-of-tatarstan
nadym,Nadym,Надым,Yamalo-Nenets Autonomous Okrug,yamalo-nenets-autonomous-okrug
nakhodka,Nakhodka,Находка,Primorye Kray,primorye-kray
nalchik,Nalchik,Нальчик,Kabardino-Balkarian Republic,kabardino-balkarian-republic
narimanov,Narimanov,Нариманов,Astrakhan Oblast,astrakhan-oblast
naro-fominsk,Naro-Fominsk,Наро-Фоминск,Moscow Oblast,moscow-oblast
nartkala,Nartkala,Нарткала,Kabardino-Balkarian Republic,kabardino-balkarian-republic
naryan-mar,Naryan-Mar,Нарьян-Мар,Nenets Autonomous Okrug,nenets-autonomous-okrug
naukan,Naukan,Наукан,Chukotka Autonomous Okrug,chukotka-autonomous-okrug
navashino,Navashino,Навашино,Nizhny Novgorod Oblast,nizhny-novgorod-oblast
navoloki,Navoloki,Наволоки,Ivanovo Oblast,ivanovo-oblast
nazarovo,Nazarovo,Назарово,Krasnoyarsk Kray,krasnoyarsk-kray
nazran,Nazran,Назрань,Republic of Ingushetia,republic-of-ingushetia
nazyvayevsk,Nazyvayevsk,Называевск,Omsk Oblast,omsk-oblast
"neftegorsk,-samara-oblast","Neftegorsk, Samara Oblast",Нефтегорск,Samara Oblast,samara-oblast
neftekamsk,Neftekamsk,Нефтекамск,Republic of Bashkortostan,republic-of-bashkortostan
neftekumsk,Neftekumsk,Нефтекумск,Stavropol Kray,stavropol-kray
nefteyugansk,Nefteyugansk,Нефтеюганск,Khanty-Mansi Autonomous Okrug,khanty-mansi-autonomous-okrug
nelidovo,Nelidovo,Нелидово,Tver Oblast,tver-oblast
neman,Neman,Неман,Kaliningrad Oblast,kaliningrad-oblast
nerchinsk,Nerchinsk,Нерчинск,Trans-Baikal Kray,trans-baikal-kray
nerekhta,Nerekhta,Нерехта,Kostroma Oblast,kostroma-oblast
neryungri,Neryungri,Нерюнгри,Republic of Sakha Yakutia,republic-of-sakha-yakutia
nesterov,Nesterov,Нестеров,Kaliningrad Oblast,kaliningrad-oblast
nevel,Nevel,Невель,Pskov Oblast,pskov-oblast
nevelsk,Nevelsk,Невельск,Sakhalin Oblast,sakhalin-oblast
nevinnomyssk,Nevinnomyssk,Невинномысск,Stavropol Kray,stavropol-kray
nevyansk,Nevyansk,Невьянск,Sverdlovsk Oblast,sverdlovsk-oblast
neya,Neya,Нея,Kostroma Oblast,kostroma-oblast
nikolayevsk,Nikolayevsk,Николаевск,Volgograd Oblast,volgograd-oblast
nikolayevsk-on-amur,Nikolayevsk-on-Amur,Николаевск-на-Амуре,Khabarovsk Kray,khabarovsk-kray
nikolsk,Nikolsk,Никольск,Vologda Oblast,vologda-oblast
nikolsk,Nikolsk,Никольск,Penza Oblast,penza-oblast
nikolskoye,Nikolskoye,Никольское,Leningrad Oblast,leningrad-oblast
nizhnekamsk,Nizhnekamsk,Нижнекамск,Republic of Tatarstan,republic-of-tatarstan
nizhneudinsk,Nizhneudinsk,Нижнеудинск,Irkutsk Oblast,irkutsk-oblast
nizhnevartovsk,Nizhnevartovsk,Нижневартовск,Khanty-Mansi Autonomous Okrug,khanty-mansi-autonomous-okrug
nizhniye-sergi,Nizhniye Sergi,Нижние Серги,Sverdlovsk Oblast,sverdlovsk-oblast
nizhny-lomov,Nizhny Lomov,Нижний Ломов,Penza Oblast,penza-oblast
nizhny-novgorod,Nizhny Novgorod,Нижний Новгород,Nizhny Novgorod Oblast,nizhny-novgorod-oblast
nizhny-tagil,Nizhny Tagil,Нижний Тагил,Sverdlovsk Oblast,sverdlovsk-oblast
nizhnyaya-salda,Nizhnyaya Salda,Нижняя Салда,Sverdlovsk Oblast,sverdlovsk-oblast
nizhnyaya-tura,Nizhnyaya Tura,Нижняя Тура,Sverdlovsk Oblast,sverdlovsk-oblast
noginsk,Noginsk,Ногинск,Moscow Oblast,moscow-oblast
nolinsk,Nolinsk,Нолинск,Kirov Oblast,kirov-oblast
norilsk,Norilsk,Норильск,Krasnoyarsk Kray,krasnoyarsk-kray
novaya-ladoga,Novaya Ladoga,Новая Ладога,Leningrad Oblast,leningrad-oblast
novaya-lyalya,Novaya Lyalya,Новая Ляля,Sverdlovsk Oblast,sverdlovsk-oblast
novoalexandrovsk,Novoalexandrovsk,Новоалександровск,Stavropol Kray,stavropol-kray
novoaltaysk,Novoaltaysk,Новоалтайск,Altai Kray,altai-kray
novoanninsky,Novoanninsky,Новоаннинский,Volgograd Oblast,volgograd-oblast
novocheboksarsk,Novocheboksarsk,Новочебоксарск,Chuvash Republic,chuvash-republic
novocherkassk,Novocherkassk,Новочеркасск,Rostov Oblast,rostov-oblast
novodvinsk,Novodvinsk,Новодвинск,Arkhangelsk Oblast,arkhangelsk-oblast
novokhopyorsk,Novokhopyorsk,Новохопёрск,Voronezh Oblast,voronezh-oblast
novokubansk,Novokubansk,Новокубанск,Krasnodar Kray,krasnodar-kray
novokuybyshevsk,Novokuybyshevsk,Новокуйбышевск,Samara Oblast,samara-oblast
novokuznetsk,Novokuznetsk,Новокузнецк,Kemerovo Oblast,kemerovo-oblast
novomichurinsk,Novomichurinsk,Новомичуринск,Ryazan Oblast,ryazan-oblast
novomoskovsk,Novomoskovsk,Новомосковск,Tula Oblast,tula-oblast
novopavlovsk,Novopavlovsk,Новопавловск,Stavropol Kray,stavropol-kray
novorossiysk,Novorossiysk,Новороссийск,Krasnodar Kray,krasnodar-kray
novorzhev,Novorzhev,Новоржев,Pskov Oblast,pskov-oblast
novoshakhtinsk,Novoshakhtinsk,Новошахтинск,Rostov Oblast,rostov-oblast
novosibirsk,Novosibirsk,Новосибирск,Novosibirsk Oblast,novosibirsk-oblast
novosil,Novosil,Новосиль,Orel Oblast,orel-oblast
novosokolniki,Novosokolniki,Новосокольники,Pskov Oblast,pskov-oblast
novotroitsk,Novotroitsk,Новотроицк,Orenburg Oblast,orenburg-oblast
novoulyanovsk,Novoulyanovsk,Новоульяновск,Ulyanovsk Oblast,ulyanovsk-oblast
novouralsk,Novouralsk,Новоуральск,Sverdlovsk Oblast,sverdlovsk-oblast
novouzensk,Novouzensk,Новоузенск,Saratov Oblast,saratov-oblast
novovoronezh,Novovoronezh,Нововоронеж,Voronezh Oblast,voronezh-oblast
novozybkov,Novozybkov,Новозыбков,Bryansk Oblast,bryansk-oblast
novy-oskol,Novy Oskol,Новый Оскол,Belgorod Oblast,belgorod-oblast
novy-urengoy,Novy Urengoy,Новый Уренгой,Yamalo-Nenets Autonomous Okrug,yamalo-nenets-autonomous-okrug
noyabrsk,Noyabrsk,Ноябрьск,Yamalo-Nenets Autonomous Okrug,yamalo-nenets-autonomous-okrug
nurlat,Nurlat,Нурлат,Republic of Tatarstan,republic-of-tatarstan
nyagan,Nyagan,Нягань,Khanty-Mansi Autonomous Okrug,khanty-mansi-autonomous-okrug
nyandoma,Nyandoma,Няндома,Arkhangelsk Oblast,arkhangelsk-oblast
nyazepetrovsk,Nyazepetrovsk,Нязепетровск,Chelyabinsk Oblast,chelyabinsk-oblast
nytva,Nytva,Нытва,Perm Kray,perm-kray
nyurba,Nyurba,Нюрба,Republic of Sakha Yakutia,republic-of-sakha-yakutia
ob,Ob,Обь,Novosibirsk Oblast,novosibirsk-oblast
obluchye,Obluchye,Облучье,Jewish Autonomous Oblast,jewish-autonomous-oblast
obninsk,Obninsk,Обнинск,Kaluga Oblast,kaluga-oblast
oboyan,Oboyan,Обоянь,Kursk Oblast,kursk-oblast
ochyor,Ochyor,Очёр,Perm Kray,perm-kray
odintsovo,Odintsovo,Одинцово,Moscow Oblast,moscow-oblast
okha,Okha,Оха,Sakhalin Oblast,sakhalin-oblast
okhansk,Okhansk,Оханск,Perm Kray,perm-kray
oktyabrsk,Oktyabrsk,Октябрьск,Samara Oblast,samara-oblast
oktyabrsky,Oktyabrsky,Октябрьский,Republic of Bashkortostan,republic-of-bashkortostan
okulovka,Okulovka,Окуловка,Novgorod Oblast,novgorod-oblast
olenegorsk,Olenegorsk,Оленегорск,Murmansk Oblast,murmansk-oblast
olonets,Olonets,Олонец,Republic of Karelia,republic-of-karelia
olyokminsk,Olyokminsk,Олёкминск,Republic of Sakha Yakutia,republic-of-sakha-yakutia
omsk,Omsk,Омск,Omsk Oblast,omsk-oblast
omutninsk,Omutninsk,Омутнинск,Kirov Oblast,kirov-oblast
onega,Onega,Онега,Arkhangelsk Oblast,arkhangelsk-oblast
opochka,Opochka,Опочка,Pskov Oblast,pskov-oblast
orekhovo-zuyevo,Orekhovo-Zuyevo,Орехово-Зуево,Moscow Oblast,moscow-oblast
oryol,Oryol,Орёл,Orel Oblast,orel-oblast
orenburg,Orenburg,Оренбург,Orenburg Oblast,orenburg-oblast
orlov,Orlov,Орлов,Kirov Oblast,kirov-oblast
orsk,Orsk,Орск,Orenburg Oblast,orenburg-oblast
osa,Osa,Оса,Perm Kray,perm-kray
osinniki,Osinniki,Осинники,Kemerovo Oblast,kemerovo-oblast
ostashkov,Ostashkov,Осташков,Tver Oblast,tver-oblast
ostrogozhsk,Ostrogozhsk,Острогожск,Voronezh Oblast,voronezh-oblast
ostrov,Ostrov,Остров,Pskov Oblast,pskov-oblast
ostrovnoy,Ostrovnoy,Островной,Murmansk Oblast,murmansk-oblast
otradnoye,Otradnoye,Отрадное,Leningrad Oblast,leningrad-oblast
otradny,Otradny,Отрадный,Samara Oblast,samara-oblast
ozyorsk,Ozyorsk,Озёрск,Kaliningrad Oblast,kaliningrad-oblast
ozyorsk,Ozyorsk,Озёрск,Chelyabinsk Oblast,chelyabinsk-oblast
ozherelye,Ozherelye,Ожерелье,Moscow Oblast,moscow-oblast
ozyory,Ozyory,Озёры,Moscow Oblast,moscow-oblast
pallasovka,Pallasovka,Палласовка,Volgograd Oblast,volgograd-oblast
partizansk,Partizansk,Партизанск,Primorye Kray,primorye-kray
pavlovo,Pavlovo,Павлово,Nizhny Novgorod Oblast,nizhny-novgorod-oblast
pavlovsk,Pavlovsk,Павловск,Voronezh Oblast,voronezh-oblast
pavlovsk,Pavlovsk,Павловск,St Petersburg,st-petersburg
pavlovsky-posad,Pavlovsky Posad,Павловский Посад,Moscow Oblast,moscow-oblast
pechora,Pechora,Печора,Komi Republic,komi-republic
pechory,Pechory,Печоры,Pskov Oblast,pskov-oblast
penza,Penza,Пенза,Penza Oblast,penza-oblast
pereslavl-zalessky,Pereslavl-Zalessky,Переславль-Залесский,Yaroslavl Oblast,yaroslavl-oblast
peresvet,Peresvet,Пересвет,Moscow Oblast,moscow-oblast
perevoz,Perevoz,Перевоз,Nizhny Novgorod Oblast,nizhny-novgorod-oblast
perm,Perm,Пермь,Perm Kray,perm-kray
pervomaysk,Pervomaysk,Первомайск,Nizhny Novgorod Oblast,nizhny-novgorod-oblast
pervouralsk,Pervouralsk,Первоуральск,Sverdlovsk Oblast,sverdlovsk-oblast
pestovo,Pestovo,Пестово,Novgorod Oblast,novgorod-oblast
petergof,Petergof,Петергоф,St Petersburg,st-petersburg
petropavlovsk-kamchatsky,Petropavlovsk-Kamchatsky,Петропавловск-Камчатский,Kamchatka Kray,kamchatka-kray
petrov-val,Petrov Val,Петров Вал,Volgograd Oblast,volgograd-oblast
petrovsk,Petrovsk,Петровск,Saratov Oblast,saratov-oblast
petrovsk-zabaykalsky,Petrovsk-Zabaykalsky,Петровск-Забайкальский,Trans-Baikal Kray,trans-baikal-kray
petrozavodsk,Petrozavodsk,Петрозаводск,Republic of Karelia,republic-of-karelia
petukhovo,Petukhovo,Петухово,Kurgan Oblast,kurgan-oblast
petushki,Petushki,Петушки,Vladimir Oblast,vladimir-oblast
pevek,Pevek,Певек,Chukotka Autonomous Okrug,chukotka-autonomous-okrug
pikalyovo,Pikalyovo,Пикалёво,Leningrad Oblast,leningrad-oblast
pionersky,Pionersky,Пионерский,Kaliningrad Oblast,kaliningrad-oblast
pitkyaranta,Pitkyaranta,Питкяранта,Republic of Karelia,republic-of-karelia
plast,Plast,Пласт,Chelyabinsk Oblast,chelyabinsk-oblast
plavsk,Plavsk,Плавск,Tula Oblast,tula-oblast
plyos,Plyos,Плёс,Ivanovo Oblast,ivanovo-oblast
pochep,Pochep,Почеп,Bryansk Oblast,bryansk-oblast
pochinok,Pochinok,Починок,Smolensk Oblast,smolensk-oblast
podolsk,Podolsk,Подольск,Moscow Oblast,moscow-oblast
podporozhye,Podporozhye,Подпорожье,Leningrad Oblast,leningrad-oblast
pokachi,Pokachi,Покачи,Khanty-Mansi Autonomous Okrug,khanty-mansi-autonomous-okrug
pokhvistnevo,Pokhvistnevo,Похвистнево,Samara Oblast,samara-oblast
pokrov,Pokrov,Покров,Vladimir Oblast,vladimir-oblast
pokrovsk,Pokrovsk,Покровск,Republic of Sakha Yakutia,republic-of-sakha-yakutia
polessk,Polessk,Полесск,Kaliningrad Oblast,kaliningrad-oblast
polevskoy,Polevskoy,Полевской,Sverdlovsk Oblast,sverdlovsk-oblast
polyarny,Polyarny,Полярный,Murmansk Oblast,murmansk-oblast
polyarnye-zori,Polyarnye Zori,Полярные Зори,Murmansk Oblast,murmansk-oblast
polysayevo,Polysayevo,Полысаево,Kemerovo Oblast,kemerovo-oblast
porkhov,Porkhov,Порхов,Pskov Oblast,pskov-oblast
poronaysk,Poronaysk,Поронайск,Sakhalin Oblast,sakhalin-oblast
poshekhonye,Poshekhonye,Пошехонье,Yaroslavl Oblast,yaroslavl-oblast
povorino,Povorino,Поворино,Voronezh Oblast,voronezh-oblast
pravdinsk,Pravdinsk,Правдинск,Kaliningrad Oblast,kaliningrad-oblast
primorsk,Primorsk,Приморск,Leningrad Oblast,leningrad-oblast
primorsko-akhtarsk,Primorsko-Akhtarsk,Приморско-Ахтарск,Krasnodar Kray,krasnodar-kray
priozersk,Priozersk,Приозерск,Leningrad Oblast,leningrad-oblast
privolzhsk,Privolzhsk,Приволжск,Ivanovo Oblast,ivanovo-oblast
prokhladny,Prokhladny,Прохладный,Kabardino-Balkarian Republic,kabardino-balkarian-republic
prokopyevsk,Prokopyevsk,Прокопьевск,Kemerovo Oblast,kemerovo-oblast
proletarsk,Proletarsk,Пролетарск,Rostov Oblast,rostov-oblast
protvino,Protvino,Протвино,Moscow Oblast,moscow-oblast
pskov,Pskov,Псков,Pskov Oblast,pskov-oblast
puchezh,Puchezh,Пучеж,Ivanovo Oblast,ivanovo-oblast
pudozh,Pudozh,Пудож,Republic of Karelia,republic-of-karelia
pugachyov,Pugachyov,Пугачев,Saratov Oblast,saratov-oblast
pushchino,Pushchino,Пущино,Moscow Oblast,moscow-oblast
pushkin,Pushkin,Пушкин,St Petersburg,st-petersburg
pushkino,Pushkino,Пушкино,Moscow Oblast,moscow-oblast
pustoshka,Pustoshka,Пустошка,Pskov Oblast,pskov-oblast
pyatigorsk,Pyatigorsk,Пятигорск,Stavropol Kray,stavropol-kray
pytalovo,Pytalovo,Пыталово,Pskov Oblast,pskov-oblast
pyt-yakh,Pyt-Yakh,Пыть-Ях,Khanty-Mansi Autonomous Okrug,khanty-mansi-autonomous-okrug
raduzhny,Raduzhny,Радужный,Vladimir Oblast,vladimir-oblast
raduzhny,Raduzhny,Радужный,Khanty-Mansi Autonomous Okrug,khanty-mansi-autonomous-okrug
ramenskoye,Ramenskoye,Раменское,Moscow Oblast,moscow-oblast
rasskazovo,Rasskazovo,Рассказово,Tambov Oblast,tambov-oblast
raychikhinsk,Raychikhinsk,Райчихинск,Amur Oblast,amur-oblast
reutov,Reutov,Реутов,Moscow Oblast,moscow-oblast
revda,Revda,Ревда,Sverdlovsk Oblast,sverdlovsk-oblast
rezh,Rezh,Реж,Sverdlovsk Oblast,sverdlovsk-oblast
rodniki,Rodniki,Родники,Ivanovo Oblast,ivanovo-oblast
roshal,Roshal,Рошаль,Moscow Oblast,moscow-oblast
roslavl,Roslavl,Рославль,Smolensk Oblast,smolensk-oblast
rossosh,Rossosh,Россошь,Voronezh Oblast,voronezh-oblast
rostov,Rostov,Ростов,Yaroslavl Oblast,yaroslavl-oblast
rostov-on-don,Rostov-on-Don,Ростов-на-Дону,Rostov Oblast,rostov-oblast
rtishchevo,Rtishchevo,Ртищево,Saratov Oblast,saratov-oblast
rubtsovsk,Rubtsovsk,Рубцовск,Altai Kray,altai-kray
rudnya,Rudnya,Рудня,Smolensk Oblast,smolensk-oblast
ruza,Ruza,Руза,Moscow Oblast,moscow-oblast
ruzayevka,Ruzayevka,Рузаевка,Republic of Mordovia,republic-of-mordovia
ryazan,Ryazan,Рязань,Ryazan Oblast,ryazan-oblast
ryazhsk,Ryazhsk,Ряжск,Ryazan Oblast,ryazan-oblast
rybinsk,Rybinsk,Рыбинск,Yaroslavl Oblast,yaroslavl-oblast
rybnoye,Rybnoye,Рыбное,Ryazan Oblast,ryazan-oblast
rylsk,Rylsk,Рыльск,Kursk Oblast,kursk-oblast
rzhev,Rzhev,Ржев,Tver Oblast,tver-oblast
safonovo,Safonovo,Сафоново,Smolensk Oblast,smolensk-oblast
saint-petersburg,Saint Petersburg,Санкт-Петербург,St Petersburg,st-petersburg
salair,Salair,Салаир,Kemerovo Oblast,kemerovo-oblast
salavat,Salavat,Салават,Republic of Bashkortostan,republic-of-bashkortostan
salekhard,Salekhard,Салехард,Yamalo-Nenets Autonomous Okrug,yamalo-nenets-autonomous-okrug
salsk,Salsk,Сальск,Rostov Oblast,rostov-oblast
samara,Samara,Самара,Samara Oblast,samara-oblast
saransk,Saransk,Саранск,Republic of Mordovia,republic-of-mordovia
sarapul,Sarapul,Сарапул,Udmurtian Republic,udmurtian-republic
saratov,Saratov,Саратов,Saratov Oblast,saratov-oblast
sarov,Sarov,Саров,Nizhny Novgorod Oblast,nizhny-novgorod-oblast
sasovo,Sasovo,Сасово,Ryazan Oblast,ryazan-oblast
satka,Satka,Сатка,Chelyabinsk Oblast,chelyabinsk-oblast
sayanogorsk,Sayanogorsk,Саяногорск,Republic of Khakassia,republic-of-khakassia
sayansk,Sayansk,Саянск,Irkutsk Oblast,irkutsk-oblast
sebezh,Sebezh,Себеж,Pskov Oblast,pskov-oblast
segezha,Segezha,Сегежа,Republic of Karelia,republic-of-karelia
seltso,Seltso,Сельцо,Bryansk Oblast,bryansk-oblast
semikarakorsk,Semikarakorsk,Семикаракорск,Rostov Oblast,rostov-oblast
semiluki,Semiluki,Семилуки,Voronezh Oblast,voronezh-oblast
semyonov,Semyonov,Семёнов,Nizhny Novgorod Oblast,nizhny-novgorod-oblast
sengiley,Sengiley,Сенгилей,Ulyanovsk Oblast,ulyanovsk-oblast
serafimovich,Serafimovich,Серафимович,Volgograd Oblast,volgograd-oblast
serdobsk,Serdobsk,Сердобск,Penza Oblast,penza-oblast
sergach,Sergach,Сергач,Nizhny Novgorod Oblast,nizhny-novgorod-oblast
sergiyev-posad,Sergiyev Posad,Сергиев Посад,Moscow Oblast,moscow-oblast
serov,Serov,Серов,Sverdlovsk Oblast,sverdlovsk-oblast
serpukhov,Serpukhov,Серпухов,Moscow Oblast,moscow-oblast
sertolovo,Sertolovo,Сертолово,Leningrad Oblast,leningrad-oblast
sestroretsk,Sestroretsk,Сестрорецк,St Petersburg,st-petersburg
severobaykalsk,Severobaykalsk,Северобайкальск,Republic of Buryatia,republic-of-buryatia
severodvinsk,Severodvinsk,Северодвинск,Arkhangelsk Oblast,arkhangelsk-oblast
severo-kurilsk,Severo-Kurilsk,Северо-Курильск,Sakhalin Oblast,sakhalin-oblast
severomorsk,Severomorsk,Североморск,Murmansk Oblast,murmansk-oblast
severouralsk,Severouralsk,Североуральск,Sverdlovsk Oblast,sverdlovsk-oblast
seversk,Seversk,Северск,Tomsk Oblast,tomsk-oblast
sevsk,Sevsk,Севск,Bryansk Oblast,bryansk-oblast
shadrinsk,Shadrinsk,Шадринск,Kurgan Oblast,kurgan-oblast
shagonar,Shagonar,Шагонар,Republic of Tuva,republic-of-tuva
shakhtyorsk,Shakhtyorsk,Шахтерск,Sakhalin Oblast,sakhalin-oblast
shakhty,Shakhty,Шахты,Rostov Oblast,rostov-oblast
shakhunya,Shakhunya,Шахунья,Nizhny Novgorod Oblast,nizhny-novgorod-oblast
shali,Shali,Шали,Chechen Republic,chechen-republic
sharya,Sharya,Шарья,Kostroma Oblast,kostroma-oblast
sharypovo,Sharypovo,Шарыпово,Krasnoyarsk Kray,krasnoyarsk-kray
shatsk,Shatsk,Шацк,Ryazan Oblast,ryazan-oblast
shatura,Shatura,Шатура,Moscow Oblast,moscow-oblast
shcherbinka,Shcherbinka,Щербинка,Moscow Oblast,moscow-oblast
shchigry,Shchigry,Щигры,Kursk Oblast,kursk-oblast
shchuchye,Shchuchye,Щучье,Kurgan Oblast,kurgan-oblast
shchyokino,Shchyokino,Щёкино,Tula Oblast,tula-oblast
shchyolkovo,Shchyolkovo,Щёлково,Moscow Oblast,moscow-oblast
shebekino,Shebekino,Шебекино,Belgorod Oblast,belgorod-oblast
shelekhov,Shelekhov,Шелехов,Irkutsk Oblast,irkutsk-oblast
shenkursk,Shenkursk,Шенкурск,Arkhangelsk Oblast,arkhangelsk-oblast
shikhany,Shikhany,Шиханы,Saratov Oblast,saratov-oblast
shilka,Shilka,Шилка,Trans-Baikal Kray,trans-baikal-kray
shimanovsk,Shimanovsk,Шимановск,Amur Oblast,amur-oblast
shlisselburg,Shlisselburg,Шлиссельбург,Leningrad Oblast,leningrad-oblast
shumerlya,Shumerlya,Шумерля,Chuvash Republic,chuvash-republic
shumikha,Shumikha,Шумиха,Kurgan Oblast,kurgan-oblast
shuya,Shuya,Шуя,Ivanovo Oblast,ivanovo-oblast
sibay,Sibay,Сибай,Republic of Bashkortostan,republic-of-bashkortostan
sim,Sim,Сим,Chelyabinsk Oblast,chelyabinsk-oblast
skopin,Skopin,Скопин,Ryazan Oblast,ryazan-oblast
skovorodino,Skovorodino,Сковородино,Amur Oblast,amur-oblast
slantsy,Slantsy,Сланцы,Leningrad Oblast,leningrad-oblast
slavgorod,Slavgorod,Славгород,Altai Kray,altai-kray
slavsk,Slavsk,Славск,Kaliningrad Oblast,kaliningrad-oblast
slavyansk-na-kubani,Slavyansk-na-Kubani,Славянск-на-Кубани,Krasnodar Kray,krasnodar-kray
slobodskoy,Slobodskoy,Слободской,Kirov Oblast,kirov-oblast
slyudyanka,Slyudyanka,Слюдянка,Irkutsk Oblast,irkutsk-oblast
smolensk,Smolensk,Смоленск,Smolensk Oblast,smolensk-oblast
snezhinsk,Snezhinsk,Снежинск,Chelyabinsk Oblast,chelyabinsk-oblast
snezhnogorsk,Snezhnogorsk,Снежногорск,Murmansk Oblast,murmansk-oblast
sobinka,Sobinka,Собинка,Vladimir Oblast,vladimir-oblast
sochi,Sochi,Сочи,Krasnodar Kray,krasnodar-kray
sokol,Sokol,Сокол,Vologda Oblast,vologda-oblast
sokolniki,Sokolniki,Сокольники,Tula Oblast,tula-oblast
soligalich,Soligalich,Солигалич,Kostroma Oblast,kostroma-oblast
solikamsk,Solikamsk,Соликамск,Perm Kray,perm-kray
sol-iletsk,Sol-Iletsk,Соль-Илецк,Orenburg Oblast,orenburg-oblast
solnechnogorsk,Solnechnogorsk,Солнечногорск,Moscow Oblast,moscow-oblast
soltsy,Soltsy,Сольцы,Novgorod Oblast,novgorod-oblast
solvychegodsk,Solvychegodsk,Сольвычегодск,Arkhangelsk Oblast,arkhangelsk-oblast
sorochinsk,Sorochinsk,Сорочинск,Orenburg Oblast,orenburg-oblast
sorsk,Sorsk,Сорск,Republic of Khakassia,republic-of-khakassia
sortavala,Sortavala,Сортавала,Republic of Karelia,republic-of-karelia
sosensky,Sosensky,Сосенский,Kaluga Oblast,kaluga-oblast
sosnogorsk,Sosnogorsk,Сосногорск,Komi Republic,komi-republic
sosnovka,Sosnovka,Сосновка,Kirov Oblast,kirov-oblast
sosnovoborsk,Sosnovoborsk,Сосновоборск,Krasnoyarsk Kray,krasnoyarsk-kray
sosnovy-bor,Sosnovy Bor,Сосновый Бор,Leningrad Oblast,leningrad-oblast
sovetsk,Sovetsk,Советск,Kaliningrad Oblast,kaliningrad-oblast
sovetsk,Sovetsk,Советск,Kirov Oblast,kirov-oblast
sovetsk,Sovetsk,Советск,Tula Oblast,tula-oblast
sovetskaya-gavan,Sovetskaya Gavan,Советская Гавань,Khabarovsk Kray,khabarovsk-kray
sovetsky,Sovetsky,Советский,Khanty-Mansi Autonomous Okrug,khanty-mansi-autonomous-okrug
spas-demensk,Spas-Demensk,Спас-Деменск,Kaluga Oblast,kaluga-oblast
spas-klepiki,Spas-Klepiki,Спас-Клепики,Ryazan Oblast,ryazan-oblast
spassk,Spassk,Спасск,Penza Oblast,penza-oblast
spassk-dalny,Spassk-Dalny,Спасск-Дальний,Primorye Kray,primorye-kray
spassk-ryazansky,Spassk-Ryazansky,Спасск-Рязанский,Ryazan Oblast,ryazan-oblast
srednekolymsk,Srednekolymsk,Среднеколымск,Republic of Sakha Yakutia,republic-of-sakha-yakutia
sredneuralsk,Sredneuralsk,Среднеуральск,Sverdlovsk Oblast,sverdlovsk-oblast
sretensk,Sretensk,Сретенск,Trans-Baikal Kray,trans-baikal-kray
staraya-kupavna,Staraya Kupavna,Старая Купавна,Moscow Oblast,moscow-oblast
staraya-russa,Staraya Russa,Старая Русса,Novgorod Oblast,novgorod-oblast
staritsa,Staritsa,Старица,Tver Oblast,tver-oblast
starodub,Starodub,Стародуб,Bryansk Oblast,bryansk-oblast
stary-oskol,Stary Oskol,Старый Оскол,Belgorod Oblast,belgorod-oblast
stavropol,Stavropol,Ставрополь,Stavropol Kray,stavropol-kray
sterlitamak,Sterlitamak,Стерлитамак,Republic of Bashkortostan,republic-of-bashkortostan
strezhevoy,Strezhevoy,Стрежевой,Tomsk Oblast,tomsk-oblast
stroitel,Stroitel,Строитель,Belgorod Oblast,belgorod-oblast
strunino,Strunino,Струнино,Vladimir Oblast,vladimir-oblast
stupino,Stupino,Ступино,Moscow Oblast,moscow-oblast
sudogda,Sudogda,Судогда,Vladimir Oblast,vladimir-oblast
sudzha,Sudzha,Суджа,Kursk Oblast,kursk-oblast
sukhinichi,Sukhinichi,Сухиничи,Kaluga Oblast,kaluga-oblast
sukhoy-log,Sukhoy Log,Сухой Лог,Sverdlovsk Oblast,sverdlovsk-oblast
suoyarvi,Suoyarvi,Суоярви,Republic of Karelia,republic-of-karelia
surazh,Surazh,Сураж,Bryansk Oblast,bryansk-oblast
surgut,Surgut,Сургут,Khanty-Mansi Autonomous Okrug,khanty-mansi-autonomous-okrug
surovikino,Surovikino,Суровикино,Volgograd Oblast,volgograd-oblast
sursk,Sursk,Сурск,Penza Oblast,penza-oblast
susuman,Susuman,Сусуман,Magadan Oblast,magadan-oblast
suvorov,Suvorov,Суворов,Tula Oblast,tula-oblast
suzdal,Suzdal,Суздаль,Vladimir Oblast,vladimir-oblast
svetlogorsk,Svetlogorsk,Светлогорск,Kaliningrad Oblast,kaliningrad-oblast
svetlograd,Svetlograd,Светлоград,Stavropol Kray,stavropol-kray
svetly,Svetly,Светлый,Kaliningrad Oblast,kaliningrad-oblast
svetogorsk,Svetogorsk,Светогорск,Leningrad Oblast,leningrad-oblast
svirsk,Svirsk,Свирск,Irkutsk Oblast,irkutsk-oblast
svobodny,Svobodny,Свободный,Amur Oblast,amur-oblast
syasstroy,Syasstroy,Сясьстрой,Leningrad Oblast,leningrad-oblast
sychyovka,Sychyovka,Сычёвка,Smolensk Oblast,smolensk-oblast
syktyvkar,Syktyvkar,Сыктывкар,Komi Republic,komi-republic
sysert,Sysert,Сысерть,Sverdlovsk Oblast,sverdlovsk-oblast
syzran,Syzran,Сызрань,Samara Oblast,samara-oblast
taganrog,Taganrog,Таганрог,Rostov Oblast,rostov-oblast
taldom,Taldom,Талдом,Moscow Oblast,moscow-oblast
talitsa,Talitsa,Талица,Sverdlovsk Oblast,sverdlovsk-oblast
tambov,Tambov,Тамбов,Tambov Oblast,tambov-oblast
tara,Tara,Тара,Omsk Oblast,omsk-oblast
tarko-sale,Tarko-Sale,Тарко-Сале,Yamalo-Nenets Autonomous Okrug,yamalo-nenets-autonomous-okrug
tarusa,Tarusa,Таруса,Kaluga Oblast,kaluga-oblast
tashtagol,Tashtagol,Таштагол,Kemerovo Oblast,kemerovo-oblast
tatarsk,Tatarsk,Татарск,Novosibirsk Oblast,novosibirsk-oblast
tavda,Tavda,Тавда,Sverdlovsk Oblast,sverdlovsk-oblast
tayga,Tayga,Тайга,Kemerovo Oblast,kemerovo-oblast
tayshet,Tayshet,Тайшет,Irkutsk Oblast,irkutsk-oblast
teberda,Teberda,Теберда,Karachayevo-Circassian Republic,karachayevo-circassian-republic
temnikov,Temnikov,Темников,Republic of Mordovia,republic-of-mordovia
temryuk,Temryuk,Темрюк,Krasnodar Kray,krasnodar-kray
terek,Terek,Терек,Kabardino-Balkarian Republic,kabardino-balkarian-republic
tetyushi,Tetyushi,Тетюши,Republic of Tatarstan,republic-of-tatarstan
teykovo,Teykovo,Тейково,Ivanovo Oblast,ivanovo-oblast
tikhoretsk,Tikhoretsk,Тихорецк,Krasnodar Kray,krasnodar-kray
tikhvin,Tikhvin,Тихвин,Leningrad Oblast,leningrad-oblast
timashyovsk,Timashyovsk,Тимашёвск,Krasnodar Kray,krasnodar-kray
tobolsk,Tobolsk,Тобольск,Tyumen Oblast,tyumen-oblast
toguchin,Toguchin,Тогучин,Novosibirsk Oblast,novosibirsk-oblast
tolyatti,Tolyatti,Тольятти,Samara Oblast,samara-oblast
tomari,Tomari,Томари,Sakhalin Oblast,sakhalin-oblast
tommot,Tommot,Томмот,Republic of Sakha Yakutia,republic-of-sakha-yakutia
tomsk,Tomsk,Томск,Tomsk Oblast,tomsk-oblast
topki,Topki,Топки,Kemerovo Oblast,kemerovo-oblast
toropets,Toropets,Торопец,Tver Oblast,tver-oblast
torzhok,Torzhok,Торжок,Tver Oblast,tver-oblast
tosno,Tosno,Тосно,Leningrad Oblast,leningrad-oblast
totma,Totma,Тотьма,Vologda Oblast,vologda-oblast
troitsk,Troitsk,Троицк,Moscow,moscow
troitsk,Troitsk,Троицк,Chelyabinsk Oblast,chelyabinsk-oblast
trubchevsk,Trubchevsk,Трубчевск,Bryansk Oblast,bryansk-oblast
tryokhgorny,Tryokhgorny,Трёхгорный,Chelyabinsk Oblast,chelyabinsk-oblast
tsimlyansk,Tsimlyansk,Цимлянск,Rostov Oblast,rostov-oblast
tsivilsk,Tsivilsk,Цивильск,Chuvash Republic,chuvash-republic
tuapse,Tuapse,Туапсе,Krasnodar Kray,krasnodar-kray
tula,Tula,Тула,Tula Oblast,tula-oblast
tulun,Tulun,Тулун,Irkutsk Oblast,irkutsk-oblast
turan,Turan,Туран,Republic of Tuva,republic-of-tuva
turinsk,Turinsk,Туринск,Sverdlovsk Oblast,sverdlovsk-oblast
tutayev,Tutayev,Тутаев,Yaroslavl Oblast,yaroslavl-oblast
tuymazy,Tuymazy,Туймазы,Republic of Bashkortostan,republic-of-bashkortostan
tver,Tver,Тверь,Tver Oblast,tver-oblast
tynda,Tynda,Тында,Amur Oblast,amur-oblast
tyrnyauz,Tyrnyauz,Тырныауз,Kabardino-Balkarian Republic,kabardino-balkarian-republic
tyukalinsk,Tyukalinsk,Тюкалинск,Omsk Oblast,omsk-oblast
tyumen,Tyumen,Тюмень,Tyumen Oblast,tyumen-oblast
uchaly,Uchaly,Учалы,Republic of Bashkortostan,republic-of-bashkortostan
udachny,Udachny,Удачный,Republic of Sakha Yakutia,republic-of-sakha-yakutia
udomlya,Udomlya,Удомля,Tver Oblast,tver-oblast
ufa,Ufa,Уфа,Republic of Bashkortostan,republic-of-bashkortostan
uglegorsk,Uglegorsk,Углегорск,Sakhalin Oblast,sakhalin-oblast
uglich,Uglich,Углич,Yaroslavl Oblast,yaroslavl-oblast
ukhta,Ukhta,Ухта,Komi Republic,komi-republic
ulan-ude,Ulan-Ude,Улан-Удэ,Republic of Buryatia,republic-of-buryatia
ulyanovsk,Ulyanovsk,Ульяновск,Ulyanovsk Oblast,ulyanovsk-oblast
unecha,Unecha,Унеча,Bryansk Oblast,bryansk-oblast
uray,Uray,Урай,Khanty-Mansi Autonomous Okrug,khanty-mansi-autonomous-okrug
uren,Uren,Урень,Nizhny Novgorod Oblast,nizhny-novgorod-oblast
urus-martan,Urus-Martan,Урус-Мартан,Chechen Republic,chechen-republic
uryupinsk,Uryupinsk,Урюпинск,Volgograd Oblast,volgograd-oblast
urzhum,Urzhum,Уржум,Kirov Oblast,kirov-oblast
usinsk,Usinsk,Усинск,Komi Republic,komi-republic
usman,Usman,Усмань,Lipetsk Oblast,lipetsk-oblast
usolye,Usolye,Усолье,Perm Kray,perm-kray
usolye-sibirskoye,Usolye-Sibirskoye,Усолье-Сибирское,Irkutsk Oblast,irkutsk-oblast
ussuriysk,Ussuriysk,Уссурийск,Primorye Kray,primorye-kray
ust-dzheguta,Ust-Dzheguta,Усть-Джегута,Karachayevo-Circassian Republic,karachayevo-circassian-republic
ust-ilimsk,Ust-Ilimsk,Усть-Илимск,Irkutsk Oblast,irkutsk-oblast
ust-katav,Ust-Katav,Усть-Катав,Chelyabinsk Oblast,chelyabinsk-oblast
ust-kut,Ust-Kut,Усть-Кут,Irkutsk Oblast,irkutsk-oblast
ust-labinsk,Ust-Labinsk,Усть-Лабинск,Krasnodar Kray,krasnodar-kray
ustyuzhna,Ustyuzhna,Устюжна,Vologda Oblast,vologda-oblast
uvarovo,Uvarovo,Уварово,Tambov Oblast,tambov-oblast
uyar,Uyar,Уяр,Krasnoyarsk Kray,krasnoyarsk-kray
uzhur,Uzhur,Ужур,Krasnoyarsk Kray,krasnoyarsk-kray
uzlovaya,Uzlovaya,Узловая,Tula Oblast,tula-oblast
valday,Valday,Валдай,Novgorod Oblast,novgorod-oblast
valuyki,Valuyki,Валуйки,Belgorod Oblast,belgorod-oblast
velikiye-luki,Velikiye Luki,Великие Луки,Pskov Oblast,pskov-oblast
veliky-novgorod,Veliky Novgorod,Великий Новгород,Novgorod Oblast,novgorod-oblast
veliky-ustyug,Veliky Ustyug,Великий Устюг,Vologda Oblast,vologda-oblast
velizh,Velizh,Велиж,Smolensk Oblast,smolensk-oblast
velsk,Velsk,Вельск,Arkhangelsk Oblast,arkhangelsk-oblast
venyov,Venyov,Венёв,Tula Oblast,tula-oblast
vereshchagino,Vereshchagino,Верещагино,Perm Kray,perm-kray
vereya,Vereya,Верея,Moscow Oblast,moscow-oblast
verkhneuralsk,Verkhneuralsk,Верхнеуральск,Chelyabinsk Oblast,chelyabinsk-oblast
verkhny-tagil,Verkhny Tagil,Верхний Тагил,Sverdlovsk Oblast,sverdlovsk-oblast
verkhny-ufaley,Verkhny Ufaley,Верхний Уфалей,Chelyabinsk Oblast,chelyabinsk-oblast
verkhnyaya-pyshma,Verkhnyaya Pyshma,Верхняя Пышма,Sverdlovsk Oblast,sverdlovsk-oblast
verkhnyaya-salda,Verkhnyaya Salda,Верхняя Салда,Sverdlovsk Oblast,sverdlovsk-oblast
verkhnyaya-tura,Verkhnyaya Tura,Верхняя Тура,Sverdlovsk Oblast,sverdlovsk-oblast
verkhoturye,Verkhoturye,Верхотурье,Sverdlovsk Oblast,sverdlovsk-oblast
verkhoyansk,Verkhoyansk,Верхоянск,Republic of Sakha Yakutia,republic-of-sakha-yakutia
vesyegonsk,Vesyegonsk,Весьегонск,Tver Oblast,tver-oblast
vetluga,Vetluga,Ветлуга,Nizhny Novgorod Oblast,nizhny-novgorod-oblast
vichuga,Vichuga,Вичуга,Ivanovo Oblast,ivanovo-oblast
vidnoye,Vidnoye,Видное,Moscow Oblast,moscow-oblast
vikhorevka,Vikhorevka,Вихоревка,Irkutsk Oblast,irkutsk-oblast
vilyuchinsk,Vilyuchinsk,Вилючинск,Kamchatka Kray,kamchatka-kray
vilyuysk,Vilyuysk,Вилюйск,Republic of Sakha Yakutia,republic-of-sakha-yakutia
vladikavkaz,Vladikavkaz,Владикавказ,Republic of North Ossetia-Alania,republic-of-north-ossetia-alania
vladimir,Vladimir,Владимир,Vladimir Oblast,vladimir-oblast
vladivostok,Vladivostok,Владивосток,Primorye Kray,primorye-kray
volchansk,Volchansk,Волчанск,Sverdlovsk Oblast,sverdlovsk-oblast
volgodonsk,Volgodonsk,Волгодонск,Rostov Oblast,rostov-oblast
volgograd,Volgograd,Волгоград,Volgograd Oblast,volgograd-oblast
volgorechensk,Volgorechensk,Волгореченск,Kostroma Oblast,kostroma-oblast
volkhov,Volkhov,Волхов,Leningrad Oblast,leningrad-oblast
volodarsk,Volodarsk,Володарск,Nizhny Novgorod Oblast,nizhny-novgorod-oblast
vologda,Vologda,Вологда,Vologda Oblast,vologda-oblast
volokolamsk,Volokolamsk,Волоколамск,Moscow Oblast,moscow-oblast
volosovo,Volosovo,Волосово,Leningrad Oblast,leningrad-oblast
volsk,Volsk,Вольск,Saratov Oblast,saratov-oblast
volzhsk,Volzhsk,Волжск,Republic of Mari El,republic-of-mari-el
volzhsky,Volzhsky,Волжский,Volgograd Oblast,volgograd-oblast
vorkuta,Vorkuta,Воркута,Komi Republic,komi-republic
voronezh,Voronezh,Воронеж,Voronezh Oblast,voronezh-oblast
vorsma,Vorsma,Ворсма,Nizhny Novgorod Oblast,nizhny-novgorod-oblast
voskresensk,Voskresensk,Воскресенск,Moscow Oblast,moscow-oblast
votkinsk,Votkinsk,Воткинск,Udmurtian Republic,udmurtian-republic
vsevolozhsk,Vsevolozhsk,Всеволожск,Leningrad Oblast,leningrad-oblast
vuktyl,Vuktyl,Вуктыл,Komi Republic,komi-republic
vyatskiye-polyany,Vyatskiye Polyany,Вятские Поляны,Kirov Oblast,kirov-oblast
vyazemsky,Vyazemsky,Вяземский,Khabarovsk Kray,khabarovsk-kray
vyazma,Vyazma,Вязьма,Smolensk Oblast,smolensk-oblast
vyazniki,Vyazniki,Вязники,Vladimir Oblast,vladimir-oblast
vyborg,Vyborg,Выборг,Leningrad Oblast,leningrad-oblast
vyksa,Vyksa,Выкса,Nizhny Novgorod Oblast,nizhny-novgorod-oblast
vyshny-volochyok,Vyshny Volochyok,Вышний Волочёк,Tver Oblast,tver-oblast
vysokovsk,Vysokovsk,Высоковск,Moscow Oblast,moscow-oblast
vysotsk,Vysotsk,Высоцк,Leningrad Oblast,leningrad-oblast
vytegra,Vytegra,Вытегра,Vologda Oblast,vologda-oblast
yadrin,Yadrin,Ядрин,Chuvash Republic,chuvash-republic
yakhroma,Yakhroma,Яхрома,Moscow Oblast,moscow-oblast
yakutsk,Yakutsk,Якутск,Republic of Sakha Yakutia,republic-of-sakha-yakutia
yalutorovsk,Yalutorovsk,Ялуторовск,Tyumen Oblast,tyumen-oblast
yanaul,Yanaul,Янаул,Republic of Bashkortostan,republic-of-bashkortostan
yaransk,Yaransk,Яранск,Kirov Oblast,kirov-oblast
yaroslavl,Yaroslavl,Ярославль,Yaroslavl Oblast,yaroslavl-oblast
yarovoye,Yarovoye,Яровое,Altai Kray,altai-kray
yartsevo,Yartsevo,Ярцево,Smolensk Oblast,smolensk-oblast
yasnogorsk,Yasnogorsk,Ясногорск,Tula Oblast,tula-oblast
yasny,Yasny,Ясный,Orenburg Oblast,orenburg-oblast
yefremov,Yefremov,Ефремов,Tula Oblast,tula-oblast
yegoryevsk,Yegoryevsk,Егорьевск,Moscow Oblast,moscow-oblast
yekaterinburg,Yekaterinburg,Екатеринбург,Sverdlovsk Oblast,sverdlovsk-oblast
yelabuga,Yelabuga,Елабуга,Republic of Tatarstan,republic-of-tatarstan
yelets,Yelets,Елец,Lipetsk Oblast,lipetsk-oblast
yelizovo,Yelizovo,Елизово,Kamchatka Kray,kamchatka-kray
yelnya,Yelnya,Ельня,Smolensk Oblast,smolensk-oblast
yemanzhelinsk,Yemanzhelinsk,Еманжелинск,Chelyabinsk Oblast,chelyabinsk-oblast
yemva,Yemva,Емва,Komi Republic,komi-republic
yeniseysk,Yeniseysk,Енисейск,Krasnoyarsk Kray,krasnoyarsk-kray
yermolino,Yermolino,Ермолино,Kaluga Oblast,kaluga-oblast
yershov,Yershov,Ершов,Saratov Oblast,saratov-oblast
yessentuki,Yessentuki,Ессентуки,Stavropol Kray,stavropol-kray
yeysk,Yeysk,Ейск,Krasnodar Kray,krasnodar-kray
yoshkar-ola,Yoshkar-Ola,Йошкар-Ола,Republic of Mari El,republic-of-mari-el
yubileyny,Yubileyny,Юбилейный,Moscow Oblast,moscow-oblast
yugorsk,Yugorsk,Югорск,Khanty-Mansi Autonomous Okrug,khanty-mansi-autonomous-okrug
yukhnov,Yukhnov,Юхнов,Kaluga Oblast,kaluga-oblast
yurga,Yurga,Юрга,Kemerovo Oblast,kemerovo-oblast
yuryevets,Yuryevets,Юрьевец,Ivanovo Oblast,ivanovo-oblast
yuryev-polsky,Yuryev-Polsky,Юрьев-Польский,Vladimir Oblast,vladimir-oblast
yuryuzan,Yuryuzan,Юрюзань,Chelyabinsk Oblast,chelyabinsk-oblast
yuzha,Yuzha,Южа,Ivanovo Oblast,ivanovo-oblast
yuzhno-sakhalinsk,Yuzhno-Sakhalinsk,Южно-Сахалинск,Sakhalin Oblast,sakhalin-oblast
yuzhno-sukhokumsk,Yuzhno-Sukhokumsk,Южно-Сухокумск,Republic of Daghestan,republic-of-daghestan
yuzhnouralsk,Yuzhnouralsk,Южноуральск,Chelyabinsk Oblast,chelyabinsk-oblast
zadonsk,Zadonsk,Задонск,Lipetsk Oblast,lipetsk-oblast
zainsk,Zainsk,Заинск,Republic of Tatarstan,republic-of-tatarstan
zakamensk,Zakamensk,Закаменск,Republic of Buryatia,republic-of-buryatia
zaozyorny,Zaozyorny,Заозёрный,Krasnoyarsk Kray,krasnoyarsk-kray
zaozyorsk,Zaozyorsk,Заозёрск,Murmansk Oblast,murmansk-oblast
zapadnaya-dvina,Zapadnaya Dvina,Западная Двина,Tver Oblast,tver-oblast
zapolyarny,Zapolyarny,Заполярный,Murmansk Oblast,murmansk-oblast
zaraysk,Zaraysk,Зарайск,Moscow Oblast,moscow-oblast
zarechny,Zarechny,Заречный,Penza Oblast,penza-oblast
zarechny,Zarechny,Заречный,Sverdlovsk Oblast,sverdlovsk-oblast
zarinsk,Zarinsk,Заринск,Altai Kray,altai-kray
zavitinsk,Zavitinsk,Завитинск,Amur Oblast,amur-oblast
zavodoukovsk,Zavodoukovsk,Заводоуковск,Tyumen Oblast,tyumen-oblast
zavolzhsk,Zavolzhsk,Заволжск,Ivanovo Oblast,ivanovo-oblast
zavolzhye,Zavolzhye,Заволжье,Nizhny Novgorod Oblast,nizhny-novgorod-oblast
zelenodolsk,Zelenodolsk,Зеленодольск,Republic of Tatarstan,republic-of-tatarstan
zelenogorsk,Zelenogorsk,Зеленогорск,Krasnoyarsk Kray,krasnoyarsk-kray
zelenogorsk,Zelenogorsk,Зеленогорск,St Petersburg,st-petersburg
zelenograd,Zelenograd,Зеленоград,Moscow,moscow
zelenogradsk,Zelenogradsk,Зеленоградск,Kaliningrad Oblast,kaliningrad-oblast
zelenokumsk,Zelenokumsk,Зеленокумск,Stavropol Kray,stavropol-kray
zernograd,Zernograd,Зерноград,Rostov Oblast,rostov-oblast
zeya,Zeya,Зея,Amur Oblast,amur-oblast
zheleznodorozhny,Zheleznodorozhny,Железнодорожный,Moscow Oblast,moscow-oblast
zheleznogorsk,Zheleznogorsk,Железногорск,Krasnoyarsk Kray,krasnoyarsk-kray
zheleznogorsk,Zheleznogorsk,Железногорск,Kursk Oblast,kursk-oblast
zheleznogorsk-ilimsky,Zheleznogorsk-Ilimsky,Железногорск-Илимский,Irkutsk Oblast,irkutsk-oblast
zheleznovodsk,Zheleznovodsk,Железноводск,Stavropol Kray,stavropol-kray
zherdevka,Zherdevka,Жердевка,Tambov Oblast,tambov-oblast
zhigulyovsk,Zhigulyovsk,Жигулёвск,Samara Oblast,samara-oblast
zhirnovsk,Zhirnovsk,Жирновск,Volgograd Oblast,volgograd-oblast
zhizdra,Zhizdra,Жиздра,Kaluga Oblast,kaluga-oblast
zhukov,Zhukov,Жуков,Kaluga Oblast,kaluga-oblast
zhukovka,Zhukovka,Жуковка,Bryansk Oblast,bryansk-oblast
zhukovsky,Zhukovsky,Жуковский,Moscow Oblast,moscow-oblast
zima,Zima,Зима,Irkutsk Oblast,irkutsk-oblast
zlatoust,Zlatoust,Златоуст,Chelyabinsk Oblast,chelyabinsk-oblast
zlynka,Zlynka,Злынка,Bryansk Oblast,bryansk-oblast
zmeinogorsk,Zmeinogorsk,Змеиногорск,Altai Kray,altai-kray
znamensk,Znamensk,Знаменск,Astrakhan Oblast,astrakhan-oblast
zubtsov,Zubtsov,Зубцов,Tver Oblast,tver-oblast
zuyevka,Zuyevka,Зуевка,Kirov Oblast,kirov-oblast
zvenigorod,Zvenigorod,Звенигород,Moscow Oblast,moscow-oblast
zvenigovo,Zvenigovo,Звенигово,Republic of Mari El,republic-of-mari-el
zverevo,Zverevo,Зверево,Rostov Oblast,rostov-oblast